description,aggregation_type,mean,min,max,median,p25,p30,p75,p95,p99,count
BIOMD0000000539,model,6601.4666641592785,4.0000056822364634e-08,1000000.0,0.6812576694781987,0.4521097132513055,0.5048428894546437,0.999992214821836,1.02284799082534,9.988462259987433,606
BIOMD0000000539,A,0.5844968664355507,2.4889999838961785e-06,0.9999493068736224,0.5809490272598422,0.3405818068974726,0.3928648125423926,0.9381197337200392,0.999933584886893,0.999948398058522,101
BIOMD0000000539,AgB,9901.529661659042,0.0156860334946769,1000000.0,0.5203710776930089,0.3089272828117299,0.3553226486561639,0.734182137481173,1.0258498329188417,1.3469780016650683,101
BIOMD0000000539,gB,1.3350778109055486,4.0000056822364634e-08,10.837077430468293,0.529475989860833,0.4199303944245557,0.4606281416548776,0.5589750805106527,7.048102270126146,10.724922945080914,101
BIOMD0000000539,rB,9901.43095336252,0.0030296536555122,1000000.0,0.5017597168892491,0.2885276925440658,0.3519216471985067,0.6044440065014909,0.7805552338792712,0.9257121452918478,101
BIOMD0000000539,B,9901.939527741,0.00650299565943,1000000.0,0.9999831684306718,0.999817356481476,0.9999361458344646,0.9999910737737466,0.9999923174648528,1.6686079231424782,101
BIOMD0000000539,AB,9901.980267515775,1.0000012559555111,1000000.0,1.000001739608298,1.0000014058972162,1.000001451559682,1.0000028115499937,1.0000418984275554,1.0057956054290331,101
BIOMD0000000558,model,3.6316738627183954e-07,2.36839647307766e-12,4.889974374555628e-05,8.957443043760406e-09,1.2566107189425821e-09,1.4321215818700823e-09,2.413181141603265e-07,4.190604463607317e-07,4.817919632651737e-07,202
BIOMD0000000558,ROS,4.872018268450879e-07,2.36839647307766e-12,4.889974374555628e-05,1.2932206001512543e-09,7.175911242775382e-10,8.301941207132505e-10,1.5992325843809266e-09,8.48707490504204e-09,9.778213130122501e-08,101
BIOMD0000000558,alpha_syn,2.391329456985913e-07,7.246203637123472e-12,5.001324573668928e-07,2.4106609627340344e-07,1.1386773423804209e-07,1.4516170473788325e-07,3.647641493283734e-07,4.263884451485298e-07,4.819744868453747e-07,101
BIOMD0000000563,model,792079.2089108916,0.0,1000000.0,1000000.0,1000000.0,1000000.0,1000000.0,1000000.0,1000000.0,1010
BIOMD0000000563,PAMP,990099.00990099,6.708910589945594e-15,1000000.0,1000000.0,1000000.0,1000000.0,1000000.0,1000000.0,1000000.0,101
BIOMD0000000563,R,3.893430572444034e-11,0.0,9.256639899035689e-11,3.490319144816567e-11,1.718392095284571e-11,2.0434542946645703e-11,5.8053117868439585e-11,8.699041487147952e-11,9.131850831067824e-11,101
BIOMD0000000563,R_0,990099.00990099,2.0151740826546087e-16,1000000.0,1000000.0,1000000.0,1000000.0,1000000.0,1000000.0,1000000.0,101
BIOMD0000000563,E_int,990099.00990099,0.0,1000000.0,1000000.0,1000000.0,1000000.0,1000000.0,1000000.0,1000000.0,101
BIOMD0000000563,Callose,990099.00990099,3.1671710499981105e-13,1000000.0,1000000.0,1000000.0,1000000.0,1000000.0,1000000.0,1000000.0,101
BIOMD0000000563,Path,990099.00990099,4.438495901287576e-15,1000000.0,1000000.0,1000000.0,1000000.0,1000000.0,1000000.0,1000000.0,101
BIOMD0000000563,Path_bulk,990099.0198019802,1.0,1000000.0,1000000.0,1000000.0,1000000.0,1000000.0,1000000.0,1000000.0,101
BIOMD0000000563,PRR,990099.00990099,1.1383667104926638e-16,1000000.0,1000000.0,1000000.0,1000000.0,1000000.0,1000000.0,1000000.0,101
BIOMD0000000563,PRR_0,5.8096620517676695e-09,0.0,1.3869881909656101e-08,5.262129620930977e-09,2.522300035501246e-09,3.0997910904773107e-09,8.72186611822201e-09,1.3046552727047356e-08,1.3692789568864328e-08,101
BIOMD0000000563,E,990099.00990099,0.0,1000000.0,1000000.0,1000000.0,1000000.0,1000000.0,1000000.0,1000000.0,101
BIOMD0000000573,model,4950.76202333656,2.9789503870798518e-12,1000000.0,0.0019658008355145,6.143294127452315e-10,7.365993720614587e-10,0.3474811997000321,0.737851563776272,4.7454055289878845,202
BIOMD0000000573,V,6.812632882674372e-10,2.9789503870798518e-12,1.623204681777679e-09,6.097486868178593e-10,3.125453201995651e-10,3.6704194747201167e-10,1.0164140598759427e-09,1.5018462017295891e-09,1.598932985752206e-09,101
BIOMD0000000573,C,9901.52404667244,0.0039316000478243,1000000.0,0.348950836488791,0.1972253097932428,0.231846654619326,0.4610453260198617,1.7635839689968085,9.737394134932677,101
BIOMD0000000574,model,366043.53689591045,-29.724210198118666,1000000.0,1.0,0.9986209825251376,0.9999991474118348,1000000.0,1000000.0,1000000.0,19594
BIOMD0000000574,cam_RR_0_0,9901.557702597263,0.4999972465513257,1000000.0,0.5800601884130969,0.5753854875192655,0.5773564393932425,0.580957347036429,0.5814905700886438,0.5815944360313743,101
BIOMD0000000574,cam_RR_0_rbp,9901.980153141132,0.9990739325189316,1000000.0,0.9999840461815,0.999967983406112,0.9999733376312192,0.999989377473298,0.9999916148272432,0.999991953413954,101
BIOMD0000000574,cam_RR_0_tbp,1000000.0,1000000.0,1000000.0,1000000.0,1000000.0,1000000.0,1000000.0,1000000.0,1000000.0,101
BIOMD0000000574,cam_RR_A_0,49504.83168316832,-1.0,1000000.0,-1.0,-1.0,-1.0,1.0,1.0,1000000.0,101
BIOMD0000000574,cam_RR_A_rbp,49505.10891089109,-1.0,1000000.0,1.0,-1.0,-1.0,1.0,1.0,1000000.0,101
BIOMD0000000574,cam_RR_A_tbp,1000000.0,1000000.0,1000000.0,1000000.0,1000000.0,1000000.0,1000000.0,1000000.0,1000000.0,101
BIOMD0000000574,cam_RR_B_0,49504.9504950495,-1.0,1000000.0,1.0,-1.0,-1.0,1.0,1.0,1000000.0,101
BIOMD0000000574,cam_RR_B_rbp,49504.9900990099,-1.0,1000000.0,1.0,-1.0,-1.0,1.0,1.0,1000000.0,101
BIOMD0000000574,cam_RR_B_tbp,1000000.0,1000000.0,1000000.0,1000000.0,1000000.0,1000000.0,1000000.0,1000000.0,1000000.0,101
BIOMD0000000574,cam_RR_C_0,50096.76340540649,0.5809975368683435,1000000.0,0.99430293814637,0.9906127207720066,0.9919340356216192,0.9953017733810212,59662.68471398584,1000000.0,101
BIOMD0000000574,cam_RR_C_rbp,49505.90097576832,0.9985631341991812,1000000.0,0.9999999973342482,0.999999995399568,0.9999999960953362,0.9999999978313702,0.999999997976965,1000000.0,101
BIOMD0000000574,cam_RR_C_tbp,1000000.0,1000000.0,1000000.0,1000000.0,1000000.0,1000000.0,1000000.0,1000000.0,1000000.0,101
BIOMD0000000574,cam_RR_D_0,50096.76340540649,0.5809975368683435,1000000.0,0.99430293814637,0.9906127207720066,0.9919340356216192,0.9953017733810212,59662.68471398584,1000000.0,101
BIOMD0000000574,cam_RR_D_rbp,49505.90097576832,0.9985631341991812,1000000.0,0.9999999973342482,0.999999995399568,0.9999999960953362,0.9999999978313702,0.999999997976965,1000000.0,101
BIOMD0000000574,cam_RR_D_tbp,1000000.0,1000000.0,1000000.0,1000000.0,1000000.0,1000000.0,1000000.0,1000000.0,1000000.0,101
BIOMD0000000574,cam_RR_AB_0,49505.08910891089,-1.0,1000000.0,1.0,-1.0,-1.0,1.0,1.0,1000000.0,101
BIOMD0000000574,cam_RR_AB_rbp,49504.9702970297,-1.0,1000000.0,1.0,-1.0,-1.0,1.0,1.0,1000000.0,101
BIOMD0000000574,cam_RR_AB_tbp,1000000.0,1000000.0,1000000.0,1000000.0,1000000.0,1000000.0,1000000.0,1000000.0,1000000.0,101
BIOMD0000000574,cam_RR_AC_0,49505.08910891089,-1.0,1000000.0,1.0,-1.0,-1.0,1.0,1.0,1000000.0,101
BIOMD0000000574,cam_RR_AC_rbp,49505.08910891089,-1.0,1000000.0,1.0,-1.0,-1.0,1.0,1.0,1000000.0,101
BIOMD0000000574,cam_RR_AC_tbp,1000000.0,1000000.0,1000000.0,1000000.0,1000000.0,1000000.0,1000000.0,1000000.0,1000000.0,101
BIOMD0000000574,cam_RR_AD_0,49505.08910891089,-1.0,1000000.0,1.0,-1.0,-1.0,1.0,1.0,1000000.0,101
BIOMD0000000574,cam_RR_AD_rbp,49505.08910891089,-1.0,1000000.0,1.0,-1.0,-1.0,1.0,1.0,1000000.0,101
BIOMD0000000574,cam_RR_AD_tbp,1000000.0,1000000.0,1000000.0,1000000.0,1000000.0,1000000.0,1000000.0,1000000.0,1000000.0,101
BIOMD0000000574,cam_RR_BC_0,49505.08910891089,-1.0,1000000.0,1.0,-1.0,-1.0,1.0,1.0,1000000.0,101
BIOMD0000000574,cam_RR_BC_rbp,49505.08910891089,-1.0,1000000.0,1.0,-1.0,-1.0,1.0,1.0,1000000.0,101
BIOMD0000000574,cam_RR_BC_tbp,1000000.0,1000000.0,1000000.0,1000000.0,1000000.0,1000000.0,1000000.0,1000000.0,1000000.0,101
BIOMD0000000574,cam_RR_BD_0,49505.08910891089,-1.0,1000000.0,1.0,-1.0,-1.0,1.0,1.0,1000000.0,101
BIOMD0000000574,cam_RR_BD_rbp,49505.08910891089,-1.0,1000000.0,1.0,-1.0,-1.0,1.0,1.0,1000000.0,101
BIOMD0000000574,cam_RR_BD_tbp,1000000.0,1000000.0,1000000.0,1000000.0,1000000.0,1000000.0,1000000.0,1000000.0,1000000.0,101
BIOMD0000000574,cam_RR_CD_0,49505.88045790723,-1.0712141594775086,1000000.0,0.9999820394019184,0.9999768629051854,0.9999784103847196,0.9999864326305586,0.9999888236661238,1000000.0,101
BIOMD0000000574,cam_RR_CD_rbp,49505.90099040371,1.0000000018633128,1000000.0,1.0000000031960623,1.0000000024967632,1.0000000026615967,1.0000000040586394,1.0000302672708312,1000000.0,101
BIOMD0000000574,cam_RR_CD_tbp,1000000.0,1000000.0,1000000.0,1000000.0,1000000.0,1000000.0,1000000.0,1000000.0,1000000.0,101
BIOMD0000000574,cam_RR_ABC_0,49504.9900990099,-1.0,1000000.0,1.0,-1.0,-1.0,1.0,1.0,1000000.0,101
BIOMD0000000574,cam_RR_ABC_rbp,49505.069306930694,-1.0,1000000.0,1.0,-1.0,-1.0,1.0,1.0,1000000.0,101
BIOMD0000000574,cam_RR_ABC_tbp,1000000.0,1000000.0,1000000.0,1000000.0,1000000.0,1000000.0,1000000.0,1000000.0,1000000.0,101
BIOMD0000000574,cam_RR_ABD_0,49504.9900990099,-1.0,1000000.0,1.0,-1.0,-1.0,1.0,1.0,1000000.0,101
BIOMD0000000574,cam_RR_ABD_rbp,49505.069306930694,-1.0,1000000.0,1.0,-1.0,-1.0,1.0,1.0,1000000.0,101
BIOMD0000000574,cam_RR_ABD_tbp,1000000.0,1000000.0,1000000.0,1000000.0,1000000.0,1000000.0,1000000.0,1000000.0,1000000.0,101
BIOMD0000000574,cam_RR_ACD_0,49505.08910891089,-1.0,1000000.0,1.0,-1.0,-1.0,1.0,1.0,1000000.0,101
BIOMD0000000574,cam_RR_ACD_rbp,49505.12871287129,-1.0,1000000.0,1.0,-1.0,-1.0,1.0,1.0,1000000.0,101
BIOMD0000000574,cam_RR_ACD_tbp,1000000.0,1000000.0,1000000.0,1000000.0,1000000.0,1000000.0,1000000.0,1000000.0,1000000.0,101
BIOMD0000000574,cam_RR_BCD_0,49505.08910891089,-1.0,1000000.0,1.0,-1.0,-1.0,1.0,1.0,1000000.0,101
BIOMD0000000574,cam_RR_BCD_rbp,49505.12871287129,-1.0,1000000.0,1.0,-1.0,-1.0,1.0,1.0,1000000.0,101
BIOMD0000000574,cam_RR_BCD_tbp,1000000.0,1000000.0,1000000.0,1000000.0,1000000.0,1000000.0,1000000.0,1000000.0,1000000.0,101
BIOMD0000000574,cam_RR_ABCD_0,49504.9504950495,-1.0,1000000.0,1.0,-1.0,-1.0,1.0,1.0,1000000.0,101
BIOMD0000000574,cam_RR_ABCD_rbp,49504.9702970297,-1.0,1000000.0,1.0,-1.0,-1.0,1.0,1.0,1000000.0,101
BIOMD0000000574,cam_RR_ABCD_tbp,1000000.0,1000000.0,1000000.0,1000000.0,1000000.0,1000000.0,1000000.0,1000000.0,1000000.0,101
BIOMD0000000574,cam_RT_0_0,9901.980336229966,1.0001221737058608,1000000.0,1.000141489940706,1.00014018688032,1.000140777329481,1.0001415711600312,1.0001415759003267,1.0001415760381016,101
BIOMD0000000574,cam_RT_0_rbp,9903.036642838972,1.911814570885009,1000000.0,2.0839491473587906,2.0722967443464633,2.0775760613032723,2.0846756655323837,2.0847182332324765,2.084719653180414,101
BIOMD0000000574,cam_RT_0_tbp,1000000.0,1000000.0,1000000.0,1000000.0,1000000.0,1000000.0,1000000.0,1000000.0,1000000.0,101
BIOMD0000000574,cam_RT_A_0,49504.89108910891,-1.0,1000000.0,-1.0,-1.0,-1.0,1.0,1.0,1000000.0,101
BIOMD0000000574,cam_RT_A_rbp,49504.9702970297,-1.0,1000000.0,1.0,-1.0,-1.0,1.0,1.0,1000000.0,101
BIOMD0000000574,cam_RT_A_tbp,1000000.0,1000000.0,1000000.0,1000000.0,1000000.0,1000000.0,1000000.0,1000000.0,1000000.0,101
BIOMD0000000574,cam_RT_B_0,49504.85148514851,-1.0,1000000.0,-1.0,-1.0,-1.0,1.0,1.0,1000000.0,101
BIOMD0000000574,cam_RT_B_rbp,49505.0297029703,-1.0,1000000.0,1.0,-1.0,-1.0,1.0,1.0,1000000.0,101
BIOMD0000000574,cam_RT_B_tbp,1000000.0,1000000.0,1000000.0,1000000.0,1000000.0,1000000.0,1000000.0,1000000.0,1000000.0,101
BIOMD0000000574,cam_RT_C_0,49505.82610571595,-6.560564193646038,1000000.0,0.99999905553403,0.99999837338807,0.9999986190177992,0.9999992303311008,0.9999992812640492,1000000.0,101
BIOMD0000000574,cam_RT_C_rbp,49649.36390609377,1.0590675230572288,1000000.0,1.0830394322778762,1.0650169258635214,1.0672644563830085,1.167831890951894,14280.685702567976,1000000.0,101
BIOMD0000000574,cam_RT_C_tbp,1000000.0,1000000.0,1000000.0,1000000.0,1000000.0,1000000.0,1000000.0,1000000.0,1000000.0,101
BIOMD0000000574,cam_RT_D_0,49505.82610571595,-6.560564193646036,1000000.0,0.99999905553403,0.99999837338807,0.9999986190177992,0.9999992303311008,0.9999992812640492,1000000.0,101
BIOMD0000000574,cam_RT_D_rbp,49649.36390609377,1.0590675230572288,1000000.0,1.0830394322778762,1.0650169258635214,1.0672644563830085,1.167831890951894,14280.685702567973,1000000.0,101
BIOMD0000000574,cam_RT_D_tbp,1000000.0,1000000.0,1000000.0,1000000.0,1000000.0,1000000.0,1000000.0,1000000.0,1000000.0,101
BIOMD0000000574,cam_RT_AB_0,49504.89108910891,-1.0,1000000.0,-1.0,-1.0,-1.0,1.0,1.0,1000000.0,101
BIOMD0000000574,cam_RT_AB_rbp,49504.930693069306,-1.0,1000000.0,1.0,-1.0,-1.0,1.0,1.0,1000000.0,101
BIOMD0000000574,cam_RT_AB_tbp,1000000.0,1000000.0,1000000.0,1000000.0,1000000.0,1000000.0,1000000.0,1000000.0,1000000.0,101
BIOMD0000000574,cam_RT_AC_0,49505.069306930694,-1.0,1000000.0,1.0,-1.0,-1.0,1.0,1.0,1000000.0,101
BIOMD0000000574,cam_RT_AC_rbp,49505.08910891089,-1.0,1000000.0,1.0,-1.0,-1.0,1.0,1.0,1000000.0,101
BIOMD0000000574,cam_RT_AC_tbp,1000000.0,1000000.0,1000000.0,1000000.0,1000000.0,1000000.0,1000000.0,1000000.0,1000000.0,101
BIOMD0000000574,cam_RT_AD_0,49505.069306930694,-1.0,1000000.0,1.0,-1.0,-1.0,1.0,1.0,1000000.0,101
BIOMD0000000574,cam_RT_AD_rbp,49505.08910891089,-1.0,1000000.0,1.0,-1.0,-1.0,1.0,1.0,1000000.0,101
BIOMD0000000574,cam_RT_AD_tbp,1000000.0,1000000.0,1000000.0,1000000.0,1000000.0,1000000.0,1000000.0,1000000.0,1000000.0,101
BIOMD0000000574,cam_RT_BC_0,49505.069306930694,-1.0,1000000.0,1.0,-1.0,-1.0,1.0,1.0,1000000.0,101
BIOMD0000000574,cam_RT_BC_rbp,49505.08910891089,-1.0,1000000.0,1.0,-1.0,-1.0,1.0,1.0,1000000.0,101
BIOMD0000000574,cam_RT_BC_tbp,1000000.0,1000000.0,1000000.0,1000000.0,1000000.0,1000000.0,1000000.0,1000000.0,1000000.0,101
BIOMD0000000574,cam_RT_BD_0,49505.069306930694,-1.0,1000000.0,1.0,-1.0,-1.0,1.0,1.0,1000000.0,101
BIOMD0000000574,cam_RT_BD_rbp,49505.08910891089,-1.0,1000000.0,1.0,-1.0,-1.0,1.0,1.0,1000000.0,101
BIOMD0000000574,cam_RT_BD_tbp,1000000.0,1000000.0,1000000.0,1000000.0,1000000.0,1000000.0,1000000.0,1000000.0,1000000.0,101
BIOMD0000000574,cam_RT_CD_0,49505.881102118736,-1.0083869318828764,1000000.0,0.999997882193769,0.999997271812348,0.9999974542817784,0.9999984002168614,0.9999986821532284,1000000.0,101
BIOMD0000000574,cam_RT_CD_rbp,49507.39774534061,1.0094842377310176,1000000.0,1.016347371279145,1.0127369764952774,1.0135660717663582,1.020691161110466,150.1284139095352,1000000.0,101
BIOMD0000000574,cam_RT_CD_tbp,1000000.0,1000000.0,1000000.0,1000000.0,1000000.0,1000000.0,1000000.0,1000000.0,1000000.0,101
BIOMD0000000574,cam_RT_ABC_0,49505.0099009901,-1.0,1000000.0,1.0,-1.0,-1.0,1.0,1.0,1000000.0,101
BIOMD0000000574,cam_RT_ABC_rbp,49504.9504950495,-1.0,1000000.0,1.0,-1.0,-1.0,1.0,1.0,1000000.0,101
BIOMD0000000574,cam_RT_ABC_tbp,1000000.0,1000000.0,1000000.0,1000000.0,1000000.0,1000000.0,1000000.0,1000000.0,1000000.0,101
BIOMD0000000574,cam_RT_ABD_0,49505.0099009901,-1.0,1000000.0,1.0,-1.0,-1.0,1.0,1.0,1000000.0,101
BIOMD0000000574,cam_RT_ABD_rbp,49504.9504950495,-1.0,1000000.0,1.0,-1.0,-1.0,1.0,1.0,1000000.0,101
BIOMD0000000574,cam_RT_ABD_tbp,1000000.0,1000000.0,1000000.0,1000000.0,1000000.0,1000000.0,1000000.0,1000000.0,1000000.0,101
BIOMD0000000574,cam_RT_ACD_0,49505.08910891089,-1.0,1000000.0,1.0,-1.0,-1.0,1.0,1.0,1000000.0,101
BIOMD0000000574,cam_RT_ACD_rbp,49505.08910891089,-1.0,1000000.0,1.0,-1.0,-1.0,1.0,1.0,1000000.0,101
BIOMD0000000574,cam_RT_ACD_tbp,1000000.0,1000000.0,1000000.0,1000000.0,1000000.0,1000000.0,1000000.0,1000000.0,1000000.0,101
BIOMD0000000574,cam_RT_BCD_0,49505.08910891089,-1.0,1000000.0,1.0,-1.0,-1.0,1.0,1.0,1000000.0,101
BIOMD0000000574,cam_RT_BCD_rbp,49505.08910891089,-1.0,1000000.0,1.0,-1.0,-1.0,1.0,1.0,1000000.0,101
BIOMD0000000574,cam_RT_BCD_tbp,1000000.0,1000000.0,1000000.0,1000000.0,1000000.0,1000000.0,1000000.0,1000000.0,1000000.0,101
BIOMD0000000574,cam_RT_ABCD_0,49504.9504950495,-1.0,1000000.0,1.0,-1.0,-1.0,1.0,1.0,1000000.0,101
BIOMD0000000574,cam_RT_ABCD_rbp,49504.87128712871,-1.0,1000000.0,-1.0,-1.0,-1.0,1.0,1.0,1000000.0,101
BIOMD0000000574,cam_RT_ABCD_tbp,1000000.0,1000000.0,1000000.0,1000000.0,1000000.0,1000000.0,1000000.0,1000000.0,1000000.0,101
BIOMD0000000574,cam_TR_0_0,9901.980192125897,0.9999896593344612,1000000.0,0.9999943733618888,0.9999942169486148,0.9999942892324828,0.999994382715954,0.9999943832371746,0.9999943832469642,101
BIOMD0000000574,cam_TR_0_rbp,9901.980245793036,1.0000384682043642,1000000.0,1.0000386151259923,1.000038476320485,1.0000384833017746,1.000041019193071,1.0000906812193615,1.000369176627211,101
BIOMD0000000574,cam_TR_0_tbp,1000000.0,1000000.0,1000000.0,1000000.0,1000000.0,1000000.0,1000000.0,1000000.0,1000000.0,101
BIOMD0000000574,cam_TR_A_0,49505.069306930694,-1.0,1000000.0,1.0,-1.0,-1.0,1.0,1.0,1000000.0,101
BIOMD0000000574,cam_TR_A_rbp,49505.0297029703,-1.0,1000000.0,1.0,-1.0,-1.0,1.0,1.0,1000000.0,101
BIOMD0000000574,cam_TR_A_tbp,1000000.0,1000000.0,1000000.0,1000000.0,1000000.0,1000000.0,1000000.0,1000000.0,1000000.0,101
BIOMD0000000574,cam_TR_B_0,49504.9504950495,-1.0,1000000.0,1.0,-1.0,-1.0,1.0,1.0,1000000.0,101
BIOMD0000000574,cam_TR_B_rbp,49504.9900990099,-1.0,1000000.0,1.0,-1.0,-1.0,1.0,1.0,1000000.0,101
BIOMD0000000574,cam_TR_B_tbp,1000000.0,1000000.0,1000000.0,1000000.0,1000000.0,1000000.0,1000000.0,1000000.0,1000000.0,101
BIOMD0000000574,cam_TR_C_0,49505.590596244074,-29.724210198118666,1000000.0,0.99840370749202,0.9980787253513772,0.9982468258622008,0.9985139223537718,0.9985353367857532,1000000.0,101
BIOMD0000000574,cam_TR_C_rbp,49506.40199313269,1.0003467383388136,1000000.0,1.00038507744905,1.000355157097349,1.0003592317244574,1.0005377119583296,51.41025103528078,1000000.0,101
BIOMD0000000574,cam_TR_C_tbp,1000000.0,1000000.0,1000000.0,1000000.0,1000000.0,1000000.0,1000000.0,1000000.0,1000000.0,101
BIOMD0000000574,cam_TR_D_0,49505.590596244074,-29.724210198118666,1000000.0,0.99840370749202,0.9980787253513772,0.9982468258622008,0.9985139223537718,0.9985353367857532,1000000.0,101
BIOMD0000000574,cam_TR_D_rbp,49506.40199313269,1.0003467383388136,1000000.0,1.00038507744905,1.000355157097349,1.0003592317244574,1.0005377119583296,51.41025103528077,1000000.0,101
BIOMD0000000574,cam_TR_D_tbp,1000000.0,1000000.0,1000000.0,1000000.0,1000000.0,1000000.0,1000000.0,1000000.0,1000000.0,101
BIOMD0000000574,cam_TR_AB_0,49505.16831683168,-1.0,1000000.0,1.0,-1.0,-1.0,1.0,1.0,1000000.0,101
BIOMD0000000574,cam_TR_AB_rbp,49504.91089108911,-1.0,1000000.0,1.0,-1.0,-1.0,1.0,1.0,1000000.0,101
BIOMD0000000574,cam_TR_AB_tbp,1000000.0,1000000.0,1000000.0,1000000.0,1000000.0,1000000.0,1000000.0,1000000.0,1000000.0,101
BIOMD0000000574,cam_TR_AC_0,49505.08910891089,-1.0,1000000.0,1.0,-1.0,-1.0,1.0,1.0,1000000.0,101
BIOMD0000000574,cam_TR_AC_rbp,49505.0297029703,-1.0,1000000.0,1.0,-1.0,-1.0,1.0,1.0,1000000.0,101
BIOMD0000000574,cam_TR_AC_tbp,1000000.0,1000000.0,1000000.0,1000000.0,1000000.0,1000000.0,1000000.0,1000000.0,1000000.0,101
BIOMD0000000574,cam_TR_AD_0,49505.08910891089,-1.0,1000000.0,1.0,-1.0,-1.0,1.0,1.0,1000000.0,101
BIOMD0000000574,cam_TR_AD_rbp,49505.0297029703,-1.0,1000000.0,1.0,-1.0,-1.0,1.0,1.0,1000000.0,101
BIOMD0000000574,cam_TR_AD_tbp,1000000.0,1000000.0,1000000.0,1000000.0,1000000.0,1000000.0,1000000.0,1000000.0,1000000.0,101
BIOMD0000000574,cam_TR_BC_0,49505.08910891089,-1.0,1000000.0,1.0,-1.0,-1.0,1.0,1.0,1000000.0,101
BIOMD0000000574,cam_TR_BC_rbp,49505.0297029703,-1.0,1000000.0,1.0,-1.0,-1.0,1.0,1.0,1000000.0,101
BIOMD0000000574,cam_TR_BC_tbp,1000000.0,1000000.0,1000000.0,1000000.0,1000000.0,1000000.0,1000000.0,1000000.0,1000000.0,101
BIOMD0000000574,cam_TR_BD_0,49505.08910891089,-1.0,1000000.0,1.0,-1.0,-1.0,1.0,1.0,1000000.0,101
BIOMD0000000574,cam_TR_BD_rbp,49505.0297029703,-1.0,1000000.0,1.0,-1.0,-1.0,1.0,1.0,1000000.0,101
BIOMD0000000574,cam_TR_BD_tbp,1000000.0,1000000.0,1000000.0,1000000.0,1000000.0,1000000.0,1000000.0,1000000.0,1000000.0,101
BIOMD0000000574,cam_TR_CD_0,49505.85969042889,-1.0446309988179916,1000000.0,0.998912517466903,0.9985720166168336,0.9986576073558876,0.999192074388675,0.9997842256957536,1000000.0,101
BIOMD0000000574,cam_TR_CD_rbp,49505.90827278365,1.0002065963813394,1000000.0,1.0003476641863374,1.0002660423418737,1.0002857608032394,1.0004609345037594,1.7007051440661174,1000000.0,101
BIOMD0000000574,cam_TR_CD_tbp,1000000.0,1000000.0,1000000.0,1000000.0,1000000.0,1000000.0,1000000.0,1000000.0,1000000.0,101
BIOMD0000000574,cam_TR_ABC_0,49504.9900990099,-1.0,1000000.0,1.0,-1.0,-1.0,1.0,1.0,1000000.0,101
BIOMD0000000574,cam_TR_ABC_rbp,49505.069306930694,-1.0,1000000.0,1.0,-1.0,-1.0,1.0,1.0,1000000.0,101
BIOMD0000000574,cam_TR_ABC_tbp,1000000.0,1000000.0,1000000.0,1000000.0,1000000.0,1000000.0,1000000.0,1000000.0,1000000.0,101
BIOMD0000000574,cam_TR_ABD_0,49504.9900990099,-1.0,1000000.0,1.0,-1.0,-1.0,1.0,1.0,1000000.0,101
BIOMD0000000574,cam_TR_ABD_rbp,49505.069306930694,-1.0,1000000.0,1.0,-1.0,-1.0,1.0,1.0,1000000.0,101
BIOMD0000000574,cam_TR_ABD_tbp,1000000.0,1000000.0,1000000.0,1000000.0,1000000.0,1000000.0,1000000.0,1000000.0,1000000.0,101
BIOMD0000000574,cam_TR_ACD_0,49505.0495049505,-1.0,1000000.0,1.0,-1.0,-1.0,1.0,1.0,1000000.0,101
BIOMD0000000574,cam_TR_ACD_rbp,49504.91089108911,-1.0,1000000.0,1.0,-1.0,-1.0,1.0,1.0,1000000.0,101
BIOMD0000000574,cam_TR_ACD_tbp,1000000.0,1000000.0,1000000.0,1000000.0,1000000.0,1000000.0,1000000.0,1000000.0,1000000.0,101
BIOMD0000000574,cam_TR_BCD_0,49505.0495049505,-1.0,1000000.0,1.0,-1.0,-1.0,1.0,1.0,1000000.0,101
BIOMD0000000574,cam_TR_BCD_rbp,49504.91089108911,-1.0,1000000.0,1.0,-1.0,-1.0,1.0,1.0,1000000.0,101
BIOMD0000000574,cam_TR_BCD_tbp,1000000.0,1000000.0,1000000.0,1000000.0,1000000.0,1000000.0,1000000.0,1000000.0,1000000.0,101
BIOMD0000000574,cam_TR_ABCD_0,49504.9900990099,-1.0,1000000.0,1.0,-1.0,-1.0,1.0,1.0,1000000.0,101
BIOMD0000000574,cam_TR_ABCD_rbp,49504.85148514851,-1.0,1000000.0,-1.0,-1.0,-1.0,1.0,1.0,1000000.0,101
BIOMD0000000574,cam_TR_ABCD_tbp,1000000.0,1000000.0,1000000.0,1000000.0,1000000.0,1000000.0,1000000.0,1000000.0,1000000.0,101
BIOMD0000000574,cam_TT_0_0,0.9900144880496649,0.0140480349945751,0.9998023265889384,0.999771083215264,0.9997709518267268,0.999770958567248,0.9997731908089248,0.9997901518710124,0.999799469208323,101
BIOMD0000000574,cam_TT_0_rbp,9902.681204433136,1.605060387707828,1000000.0,1.7192541805663926,1.71152420691241,1.715026386967142,1.7197362101916522,1.7197645107537476,1.7197654651653511,101
BIOMD0000000574,cam_TT_0_tbp,1000000.0,1000000.0,1000000.0,1000000.0,1000000.0,1000000.0,1000000.0,1000000.0,1000000.0,101
BIOMD0000000574,cam_TT_A_0,49504.85148514851,-1.0,1000000.0,-1.0,-1.0,-1.0,1.0,1.0,1000000.0,101
BIOMD0000000574,cam_TT_A_rbp,49504.9702970297,-1.0,1000000.0,1.0,-1.0,-1.0,1.0,1.0,1000000.0,101
BIOMD0000000574,cam_TT_A_tbp,1000000.0,1000000.0,1000000.0,1000000.0,1000000.0,1000000.0,1000000.0,1000000.0,1000000.0,101
BIOMD0000000574,cam_TT_B_0,49504.91089108911,-1.0,1000000.0,1.0,-1.0,-1.0,1.0,1.0,1000000.0,101
BIOMD0000000574,cam_TT_B_rbp,49505.069306930694,-1.0,1000000.0,1.0,-1.0,-1.0,1.0,1.0,1000000.0,101
BIOMD0000000574,cam_TT_B_tbp,1000000.0,1000000.0,1000000.0,1000000.0,1000000.0,1000000.0,1000000.0,1000000.0,1000000.0,101
BIOMD0000000574,cam_TT_C_0,49505.667794992565,-22.211805694673856,1000000.0,0.9988891455851012,0.9986624038884604,0.9987798235183376,0.9989656794190536,0.9989804862392332,1000000.0,101
BIOMD0000000574,cam_TT_C_rbp,50022.471737610016,4.30551637538719,1000000.0,4.66837089993469,4.384745445608761,4.42332661508172,6.127863945698428,51099.66520103929,1000000.0,101
BIOMD0000000574,cam_TT_C_tbp,1000000.0,1000000.0,1000000.0,1000000.0,1000000.0,1000000.0,1000000.0,1000000.0,1000000.0,101
BIOMD0000000574,cam_TT_D_0,49505.667794992565,-22.21180569467385,1000000.0,0.9988891455851012,0.9986624038884604,0.9987798235183376,0.9989656794190536,0.9989804862392332,1000000.0,101
BIOMD0000000574,cam_TT_D_rbp,50022.471737610016,4.30551637538719,1000000.0,4.668370899934691,4.384745445608762,4.423326615081721,6.1278639456984285,51099.6652010393,1000000.0,101
BIOMD0000000574,cam_TT_D_tbp,1000000.0,1000000.0,1000000.0,1000000.0,1000000.0,1000000.0,1000000.0,1000000.0,1000000.0,101
BIOMD0000000574,cam_TT_AB_0,49504.87128712871,-1.0,1000000.0,-1.0,-1.0,-1.0,1.0,1.0,1000000.0,101
BIOMD0000000574,cam_TT_AB_rbp,49504.89108910891,-1.0,1000000.0,-1.0,-1.0,-1.0,1.0,1.0,1000000.0,101
BIOMD0000000574,cam_TT_AB_tbp,1000000.0,1000000.0,1000000.0,1000000.0,1000000.0,1000000.0,1000000.0,1000000.0,1000000.0,101
BIOMD0000000574,cam_TT_AC_0,49505.08910891089,-1.0,1000000.0,1.0,-1.0,-1.0,1.0,1.0,1000000.0,101
BIOMD0000000574,cam_TT_AC_rbp,49504.930693069306,-1.0,1000000.0,1.0,-1.0,-1.0,1.0,1.0,1000000.0,101
BIOMD0000000574,cam_TT_AC_tbp,1000000.0,1000000.0,1000000.0,1000000.0,1000000.0,1000000.0,1000000.0,1000000.0,1000000.0,101
BIOMD0000000574,cam_TT_AD_0,49505.08910891089,-1.0,1000000.0,1.0,-1.0,-1.0,1.0,1.0,1000000.0,101
BIOMD0000000574,cam_TT_AD_rbp,49504.930693069306,-1.0,1000000.0,1.0,-1.0,-1.0,1.0,1.0,1000000.0,101
BIOMD0000000574,cam_TT_AD_tbp,1000000.0,1000000.0,1000000.0,1000000.0,1000000.0,1000000.0,1000000.0,1000000.0,1000000.0,101
BIOMD0000000574,cam_TT_BC_0,49505.08910891089,-1.0,1000000.0,1.0,-1.0,-1.0,1.0,1.0,1000000.0,101
BIOMD0000000574,cam_TT_BC_rbp,49504.930693069306,-1.0,1000000.0,1.0,-1.0,-1.0,1.0,1.0,1000000.0,101
BIOMD0000000574,cam_TT_BC_tbp,1000000.0,1000000.0,1000000.0,1000000.0,1000000.0,1000000.0,1000000.0,1000000.0,1000000.0,101
BIOMD0000000574,cam_TT_BD_0,49505.08910891089,-1.0,1000000.0,1.0,-1.0,-1.0,1.0,1.0,1000000.0,101
BIOMD0000000574,cam_TT_BD_rbp,49504.930693069306,-1.0,1000000.0,1.0,-1.0,-1.0,1.0,1.0,1000000.0,101
BIOMD0000000574,cam_TT_BD_tbp,1000000.0,1000000.0,1000000.0,1000000.0,1000000.0,1000000.0,1000000.0,1000000.0,1000000.0,101
BIOMD0000000574,cam_TT_CD_0,49505.859882617675,-1.039924730286791,1000000.0,0.999031031022282,0.9987276378835218,0.9988039007554684,0.9992801218325416,0.99980808635553,1000000.0,101
BIOMD0000000574,cam_TT_CD_rbp,49508.75701853004,-4.130463199535383,1000000.0,3.856747578869612,3.0854354014714347,3.209971550275483,4.783160681093638,35.865607391667446,1000000.0,101
BIOMD0000000574,cam_TT_CD_tbp,1000000.0,1000000.0,1000000.0,1000000.0,1000000.0,1000000.0,1000000.0,1000000.0,1000000.0,101
BIOMD0000000574,cam_TT_ABC_0,49505.0297029703,-1.0,1000000.0,1.0,-1.0,-1.0,1.0,1.0,1000000.0,101
BIOMD0000000574,cam_TT_ABC_rbp,49505.16831683168,-1.0,1000000.0,1.0,-1.0,-1.0,1.0,1.0,1000000.0,101
BIOMD0000000574,cam_TT_ABC_tbp,1000000.0,1000000.0,1000000.0,1000000.0,1000000.0,1000000.0,1000000.0,1000000.0,1000000.0,101
BIOMD0000000574,cam_TT_ABD_0,49505.0297029703,-1.0,1000000.0,1.0,-1.0,-1.0,1.0,1.0,1000000.0,101
BIOMD0000000574,cam_TT_ABD_rbp,49505.16831683168,-1.0,1000000.0,1.0,-1.0,-1.0,1.0,1.0,1000000.0,101
BIOMD0000000574,cam_TT_ABD_tbp,1000000.0,1000000.0,1000000.0,1000000.0,1000000.0,1000000.0,1000000.0,1000000.0,1000000.0,101
BIOMD0000000574,cam_TT_ACD_0,49505.08910891089,-1.0,1000000.0,1.0,-1.0,-1.0,1.0,1.0,1000000.0,101
BIOMD0000000574,cam_TT_ACD_rbp,49504.81188118812,-1.0,1000000.0,-1.0,-1.0,-1.0,1.0,1.0,1000000.0,101
BIOMD0000000574,cam_TT_ACD_tbp,1000000.0,1000000.0,1000000.0,1000000.0,1000000.0,1000000.0,1000000.0,1000000.0,1000000.0,101
BIOMD0000000574,cam_TT_BCD_0,49505.08910891089,-1.0,1000000.0,1.0,-1.0,-1.0,1.0,1.0,1000000.0,101
BIOMD0000000574,cam_TT_BCD_rbp,49504.81188118812,-1.0,1000000.0,-1.0,-1.0,-1.0,1.0,1.0,1000000.0,101
BIOMD0000000574,cam_TT_BCD_tbp,1000000.0,1000000.0,1000000.0,1000000.0,1000000.0,1000000.0,1000000.0,1000000.0,1000000.0,101
BIOMD0000000574,cam_TT_ABCD_0,49505.0297029703,-1.0,1000000.0,1.0,-1.0,-1.0,1.0,1.0,1000000.0,101
BIOMD0000000574,cam_TT_ABCD_rbp,49504.79207920792,-1.0,1000000.0,-1.0,-1.0,-1.0,1.0,1.0,1000000.0,101
BIOMD0000000574,cam_TT_ABCD_tbp,1000000.0,1000000.0,1000000.0,1000000.0,1000000.0,1000000.0,1000000.0,1000000.0,1000000.0,101
BIOMD0000000574,rbp,0.9887684936451172,0.0031749766415469,0.9986566882746482,0.998621118229348,0.9986209857047778,0.9986209925005228,0.998623261486582,0.9986417947616888,0.9986530607235408,101
BIOMD0000000574,tbp,1000000.0,1000000.0,1000000.0,1000000.0,1000000.0,1000000.0,1000000.0,1000000.0,1000000.0,101
BIOMD0000000540,model,92985.29462639772,-221.93762477140606,1000000.0,0.02973608819333737,-0.1215663168497431,-0.027623427023424647,0.452496678590686,1000000.0,1000000.0,2121
BIOMD0000000540,s1,0.0,0.0,0.0,0.0,0.0,0.0,0.0,0.0,0.0,101
BIOMD0000000540,s2,0.0,0.0,0.0,0.0,0.0,0.0,0.0,0.0,0.0,101
BIOMD0000000540,s3,0.3231337945124108,6.607142857643534e-08,0.5984746600652799,0.2986698359977247,0.237831691685533,0.24837181441415004,0.40133187568100454,0.5407314372940022,0.5859600477318196,101
BIOMD0000000540,s4,952582.9498354385,5.948670832061152e-08,1000000.0,1000000.0,1000000.0,1000000.0,1000000.0,1000000.0,1000000.0,101
BIOMD0000000540,s5,0.5688237221025394,4.0697674411910734e-07,0.8288542794676295,0.5458933490964393,0.47621825769369097,0.4911437645513274,0.6554997698381548,0.7872165706950593,0.82017805584576,101
BIOMD0000000540,s6,0.32443774054728314,2.1288515569442036e-08,1.0977836895174562,0.2325525483984177,0.16173432093256096,0.172223624900362,0.40119680938008345,0.8796069560998685,1.0556942585295368,101
BIOMD0000000540,s7,0.25436561872949115,1.4071856286903032e-07,1.0394602695739512,0.1805990781493815,0.12865358921097028,0.13650621169649568,0.3028978625406251,0.5834085734346629,1.0000737300891094,101
BIOMD0000000540,s8,0.11284133432970052,1.4598540208420728e-08,0.18062585991407182,0.10767138474027467,0.08858835326444253,0.09198477637775059,0.13723309845040513,0.17048786243467115,0.1779465150728809,101
BIOMD0000000540,s9,0.531824543947876,8.343033586211135e-08,0.9021438529674592,0.5008089815293417,0.41591157569286674,0.4283897702616686,0.6440726061323906,0.8352121905048199,0.8879128624052115,101
BIOMD0000000540,s10,0.02909712033467711,1.9830028373417855e-08,0.19672153886207677,0.022754810419532392,0.016914845836407358,0.017830053468104776,0.03403588420762896,0.0524571578982296,0.10007895775249069,101
BIOMD0000000540,s11,920889.486540292,64020.665508000726,1000000.0,1000000.0,1000000.0,1000000.0,1000000.0,1000000.0,1000000.0,101
BIOMD0000000540,s12,0.0,0.0,0.0,0.0,0.0,0.0,0.0,0.0,0.0,101
BIOMD0000000540,s13,0.08832868478170333,1.4805209154390258e-08,0.16121846254375202,0.08055060203920925,0.0646953259866883,0.06746176751501273,0.108163364518921,0.146271109379001,0.15798949312636262,101
BIOMD0000000540,s14,9900.753879814376,-3.128910810015809,1000000.0,-0.18456670799497094,-0.29993208899100116,-0.266603428153034,-0.13329596804154126,-0.10905948275001603,1.8683867260107847,101
BIOMD0000000540,s15,9901.310436822594,-13.674652335435125,1000000.0,-0.22004641139828746,-0.4331231973226375,-0.36285145637411115,-0.1474887151579656,3.239987074000655,61.3521213686041,101
BIOMD0000000540,s16,9898.8039114063,-221.93762477140606,1000000.0,-1.5560727293042318,-3.0904771756460137,-2.5813886108687103,-1.033361157331058,16.86113147608178,121.10959965854569,101
BIOMD0000000540,s17,9901.11106193111,-18.37876224543708,1000000.0,-0.2617689365564106,-0.516185831963681,-0.4321778843151934,-0.17534510520045477,3.104003293183792,47.8367761571999,101
BIOMD0000000540,s18,9899.496192675228,-195.87201451350296,1000000.0,-1.1231106518796194,-2.2259088679227284,-1.8584439800123962,2.2776763446227,11.943936784799565,78.98521011835182,101
BIOMD0000000540,s20,9900.793616862933,-2.9963533724426754,1000000.0,-0.13171575138778252,-0.22609986264782125,-0.19775818008507395,-0.09292481285162481,-0.07520598580393044,1.5912168419262376,101
BIOMD0000000540,s21,9913.378665312373,-28.647084178308745,1000000.0,-0.5721287671885082,-1.0786679041098448,-0.9045666292464342,1.5427379995249575,6.967437044922205,1283.851229630924,101
BIOMD0000000540,s19,9900.870161237433,-16.990239254090874,1000000.0,-0.03015083813047152,-0.053761770050551876,-0.04622105758847872,-0.02068702171114526,-0.016534988625493137,6.196125245044027,101
BIOMD0000000541,model,96783.88799702555,-95.44561521402073,1000000.0,0.6670584150406802,0.01932415041301303,0.05155339957132447,227.91344249142458,1000000.0,1000000.0,3030
BIOMD0000000541,s2,0.0,0.0,0.0,0.0,0.0,0.0,0.0,0.0,0.0,101
BIOMD0000000541,s3,0.07533020166123293,6.607142857643534e-08,0.1949773943708133,0.05221587105966515,0.03897190951979999,0.047030036641190084,0.11213181318659701,0.1773217491118057,0.19136228212348036,101
BIOMD0000000541,s4,2148.947790043359,5.772808682190414e-08,43216.711812715876,0.45728025866182725,0.14035161364058943,0.14975613784397768,165.9128340245195,14245.919504190495,34619.49331943653,101
BIOMD0000000541,s5,0.510834089000729,4.0697674411910734e-07,0.6760084153096994,0.5695016391100624,0.4468118762448655,0.4973261614720858,0.6391533746397503,0.6696605661609946,0.6747292360886604,101
BIOMD0000000541,s6,2.2858623998116092e-08,2.1288515569442036e-08,2.4585262855509364e-08,2.2818428196544725e-08,2.2026938275734324e-08,2.21808128110011e-08,2.3668918837610972e-08,2.439636133564139e-08,2.4547248743815922e-08,101
BIOMD0000000541,s7,0.4930706148975604,1.4071856272798546e-07,0.7956986719148473,0.5229595817198368,0.2846755473095936,0.36223457097308925,0.7490141751131852,0.7956986719148473,0.7956986719148473,101
BIOMD0000000541,s8,0.034923138295705494,1.4598540208420728e-08,0.05378540006153444,0.03468490892986491,0.030502691277668664,0.030608548168323257,0.04436502239726496,0.051918793098068884,0.05332062767678977,101
BIOMD0000000541,s9,0.5031037240878561,8.343033597313365e-08,0.7324805439906998,0.5870768008223375,0.3671239364790145,0.45429118925467254,0.6694212745530594,0.7189049396053531,0.7305689484296347,101
BIOMD0000000541,s10,0.035136411537407194,1.9830028373417855e-08,0.07897457567504783,0.020959494207120042,0.008677967279760496,0.010248613909197662,0.0695699586134024,0.07868102439183945,0.07891569031523853,101
BIOMD0000000541,s11,9997.242323303151,0.014894234841905964,1000000.0,0.1807763595286373,0.14172084885744549,0.1513326595070885,11.58545756595148,794.2762962294789,1854.5058863421987,101
BIOMD0000000541,s12,0.0,0.0,0.0,0.0,0.0,0.0,0.0,0.0,0.0,101
BIOMD0000000541,s13,39406.28992581641,1.2143950652957958e-11,783659.328259098,13.492309091813862,0.33672593705468323,0.4894599029161502,3241.596845170882,261846.54187618685,629421.1211193827,101
BIOMD0000000541,s14,9904.22695395617,-34.942755701228144,1000000.0,-1.8999920628169964,-1.899999412705102,-1.8999992790707732,0.9185400238451583,7.3806954816023564,392.5367310861476,101
BIOMD0000000541,s15,9901.980197132822,0.9999841242416914,1000000.0,0.9999995942119412,0.9999993893939112,0.9999994878787642,0.9999996739939696,0.9999996824324324,0.9999996824324324,101
BIOMD0000000541,s16,9899.780733411246,-1.3897498070335417,1000000.0,-1.2064225807700937,-1.2757521912970227,-1.2631272582436908,-1.1439993649596658,-1.1439968248383365,-1.14398412423169,101
BIOMD0000000541,s17,9900.990099825283,1.5875758244142968e-07,1000000.0,3.175151667279849e-07,2.1167677735737517e-07,2.2679654749810298e-07,6.350303326487275e-07,3.175151661657982e-06,1.587575830919086e-05,101
BIOMD0000000541,s18,9919.606890140607,-95.44561521402073,1000000.0,3.0499763932047004,2.427241000413921,2.4272412366603238,5.73882516435647,22.20073202081293,1594.9588503971968,101
BIOMD0000000541,s21,9901.608254840366,-20.914913821099294,1000000.0,1.2918879233068188,-0.34712847262953045,-0.33774530576888345,1.2918913448064544,3.174303524725015,21.899633158463008,101
BIOMD0000000541,s19,9898.968082961595,-78.26878052588899,1000000.0,0.39998412310511955,-5.229794849393416,-4.6342330295484135,0.39999938825733944,6.861371236008028,74.14417213586603,101
BIOMD0000000541,s23,437315.23215092835,7.70375459992115e-06,1000000.0,98555.89779013762,721.1447025158426,1846.563124342507,1000000.0,1000000.0,1000000.0,101
BIOMD0000000541,s25,396764.93442279263,0.0001161832817719122,1000000.0,41984.89034024956,301.28473481639764,780.3577729382117,1000000.0,1000000.0,1000000.0,101
BIOMD0000000541,s26,234274.18303778316,3.593995948496762e-07,1000000.0,804.1490504066819,3.6874710606242154,9.367730540850575,242576.37243439368,1000000.0,1000000.0,101
BIOMD0000000541,s27,163623.12813330552,7.795751251013387e-05,1000000.0,164.82501711594387,0.9201910316561595,1.585125714949655,47884.253084131655,1000000.0,1000000.0,101
BIOMD0000000541,s29,436666.73448345345,4.5217416183772444e-10,1000000.0,96348.46238659073,641.4055986932458,1706.65567013172,1000000.0,1000000.0,1000000.0,101
BIOMD0000000541,s31,340259.5134552267,8.662748978360313e-14,1000000.0,13700.193472750727,109.5029003382591,287.06932939596066,1000000.0,1000000.0,1000000.0,101
BIOMD0000000541,s33,234120.116855382,6.11359894399359e-11,1000000.0,1627.8393745134504,9.194725491626532,26.35261960394566,251806.7229236902,1000000.0,1000000.0,101
BIOMD0000000541,s35,100201.11697255875,2.1431479802451692e-13,1000000.0,49.28785511000847,0.18275301885412412,0.5549344006369565,12356.000297683851,1000000.0,1000000.0,101
BIOMD0000000541,s36,38925.84231189307,0.5032109546722511,1000000.0,22.125977575638874,1.2668879093559806,1.8453058524717405,3550.4460023990982,239434.67721411196,560247.649173979,101
BIOMD0000000541,s37,95887.35171880657,0.017002148206211518,1000000.0,65.97881006955456,0.5754044660985564,1.0203824852665446,12603.275329174156,902941.2432590987,1000000.0,101
BIOMD0000000541,s38,304597.192719003,10.758875975496638,1000000.0,8293.542213987428,106.88714888657023,239.97199496425685,1000000.0,1000000.0,1000000.0,101
BIOMD0000000545,model,833099.5227133407,0.0,1000000.0,1000000.0,1000000.0,1000000.0,1000000.0,1000000.0,1000000.0,1414
BIOMD0000000545,CS,971016.9989719321,0.0010355567174796798,1000000.0,1000000.0,1000000.0,1000000.0,1000000.0,1000000.0,1000000.0,101
BIOMD0000000545,CD,960840.959812907,0.00019240337928589925,1000000.0,1000000.0,1000000.0,1000000.0,1000000.0,1000000.0,1000000.0,101
BIOMD0000000545,CDCS,968302.8757528107,5.0683783642146985e-05,1000000.0,1000000.0,1000000.0,1000000.0,1000000.0,1000000.0,1000000.0,101
BIOMD0000000545,UVR8M,974085.933804161,46.86465501417642,1000000.0,1000000.0,1000000.0,1000000.0,1000000.0,1000000.0,1000000.0,101
BIOMD0000000545,UCS,980562.4788885316,69.29934190020444,1000000.0,1000000.0,1000000.0,1000000.0,1000000.0,1000000.0,1000000.0,101
BIOMD0000000545,UVR8D,970733.2743611032,0.00016160693979916374,1000000.0,1000000.0,1000000.0,1000000.0,1000000.0,1000000.0,1000000.0,101
BIOMD0000000545,RUP,984654.6791587318,7267.24041163306,1000000.0,1000000.0,1000000.0,1000000.0,1000000.0,1000000.0,1000000.0,101
BIOMD0000000545,UR,980434.3613922057,1181.6391386624666,1000000.0,1000000.0,1000000.0,1000000.0,1000000.0,1000000.0,1000000.0,101
BIOMD0000000545,UVR8_M,1000000.0,1000000.0,1000000.0,1000000.0,1000000.0,1000000.0,1000000.0,1000000.0,1000000.0,101
BIOMD0000000545,COP1,0.0,0.0,0.0,0.0,0.0,0.0,0.0,0.0,0.0,101
BIOMD0000000545,HY5,960615.7081175083,4.4352501427091795e-06,1000000.0,1000000.0,1000000.0,1000000.0,1000000.0,1000000.0,1000000.0,101
BIOMD0000000545,FHY3,0.0,0.0,0.0,0.0,0.0,0.0,0.0,0.0,0.0,101
BIOMD0000000545,DWD,951240.0506448894,0.00010127006800750849,1000000.0,1000000.0,1000000.0,1000000.0,1000000.0,1000000.0,1000000.0,101
BIOMD0000000545,CDW,960905.9970819877,2.8359751688004504,1000000.0,1000000.0,1000000.0,1000000.0,1000000.0,1000000.0,1000000.0,101
BIOMD0000000559,model,10646.307079442502,1.0610771520688244e-15,1000000.0,0.2319089892650647,0.10387589723523472,0.11731827061962767,1.886936608390974,10.08656791658389,1000000.0,8989
BIOMD0000000559,s51,5.554106968179602e-09,3.771276629415251e-12,1.2162648368454954e-08,5.407716551111469e-09,2.0302506766615473e-09,2.7057439065697867e-09,8.785182448375938e-09,1.1487155267879118e-08,1.202754974826678e-08,101
BIOMD0000000559,s52,9908.11651164778,1.7414300018879234,1000000.0,3.219186695321824,2.329176451572277,2.4617092384856303,5.670635055354523,23.065637517429355,152.47078238566095,101
BIOMD0000000559,s53,9908.116511661607,1.7414299892590297,1000000.0,3.219186696659436,2.3291764534172996,2.461709240232901,5.670635057726132,23.065637598191277,152.47078284696752,101
BIOMD0000000559,s78,9901.502267028574,0.0997208341277108,1000000.0,0.1994416662989511,0.13296110529747543,0.14245832753859833,0.39888337554468567,1.9944171511924644,9.972086085661607,101
BIOMD0000000559,s85,9901.502267030995,0.09972083527652628,1000000.0,0.19944166858913517,0.13296110709540318,0.14245832943259137,0.39888337843222926,1.9944171552162338,9.97208609329158,101
BIOMD0000000559,s211,9983.993904653065,0.8822776546758027,1000000.0,4.5207514579466395,3.967243577115179,4.033941428308426,7.097387977254524,189.65457723381226,5931.136441996774,101
BIOMD0000000559,s213,9983.993903341163,0.8822776602290582,1000000.0,4.520751406541306,3.967243538500223,4.033941387807398,7.097387884728933,189.654574058487,5931.136347627753,101
BIOMD0000000559,s482,9904.892987857093,0.8315206770383068,1000000.0,1.547335622395472,1.1257708889680078,1.1878468628660435,2.7643811828392693,12.455452886398833,102.84643500408188,101
BIOMD0000000559,s483,9933.370245619519,0.010280374954486372,1000000.0,1.2848520735669826,1.2471530728155473,1.2511675887663778,2.0003508630630846,65.72148188020908,2435.4870880853177,101
BIOMD0000000559,s484,10596.112507406424,0.016953876782987373,1000000.0,0.691964328032802,0.5642591217760016,0.5860533250793497,0.8674954126310457,315.10015607154486,66856.45894533845,101
BIOMD0000000559,s489,33881.80373639429,0.005108547711910573,1000000.0,0.3055020485031546,0.2605548045993506,0.27428323461732573,0.9984625440591363,139450.45437691672,1000000.0,101
BIOMD0000000559,s490,21300.87681824157,0.020950714805685368,1000000.0,0.4442458576056466,0.33769227876212415,0.37102847494990626,0.9902075332015587,14853.99181712637,1000000.0,101
BIOMD0000000559,s491,20001.107675730076,0.003626726980015595,1000000.0,0.14962375808017123,0.09627989407610694,0.11113851216303962,0.9409244512744609,1959.5542694204883,1000000.0,101
BIOMD0000000559,s492,118813.90928994524,0.7141378657267448,1000000.0,1.1365872113206625,0.96476746779401,0.997818375784411,2.7942041239289024,1000000.0,1000000.0,101
BIOMD0000000559,s493,118820.0259039406,0.9890832395727046,1000000.0,6.541738725198778,5.067526471580241,5.274551928422922,11.861298869950538,1000000.0,1000000.0,101
BIOMD0000000559,s494,9901.502267083866,0.09972086444976408,1000000.0,0.19944172036422742,0.13296114844101645,0.14245837283759055,0.3988834418046426,1.994417235181593,9.972086214120532,101
BIOMD0000000559,s495,9901.50226708358,0.09972086417735201,1000000.0,0.1994417200911464,0.13296114816157723,0.14245837255962682,0.3988834415289517,1.9944172348476408,9.972086213486614,101
BIOMD0000000559,s496,9901.50226708358,0.0997208641773615,1000000.0,0.19944172009115632,0.13296114816158697,0.14245837255963653,0.3988834415289616,1.9944172348476517,9.972086213486628,101
BIOMD0000000559,s498,9901.50226708358,0.09972086417735201,1000000.0,0.1994417200911464,0.13296114816157723,0.14245837255962682,0.3988834415289517,1.9944172348476408,9.972086213486614,101
BIOMD0000000559,s499,9901.50226708358,0.0997208641773615,1000000.0,0.19944172009115632,0.1329611481615871,0.1424583725596364,0.3988834415289616,1.9944172348476517,9.972086213486628,101
BIOMD0000000559,s500,9904.892987779685,0.8315207302765718,1000000.0,1.547335604064993,1.1257708739072898,1.187846847379258,2.764381147949287,12.45545250149481,102.84643278543079,101
BIOMD0000000559,s501,9901.502267083386,0.09972086384283951,1000000.0,0.19944171989528484,0.132961147896343,0.14245837230826816,0.39888344140240023,1.9944172347761384,9.972086213424083,101
BIOMD0000000559,s536,9901.502267090033,0.09972086725408656,1000000.0,0.19944172622226938,0.13296115296149683,0.14245837761982444,0.3988834492539288,1.9944172454928781,9.97208623315985,101
BIOMD0000000559,s107,9908.11651110878,1.741429004473136,1000000.0,3.2191859623025243,2.3291756687228458,2.4617084637691042,5.67063442278079,23.06563809859518,152.47078803126394,101
BIOMD0000000559,s108,9908.116511107239,1.741429005944317,1000000.0,3.2191859620591825,2.3291756685411897,2.461708463573227,5.670634422342271,23.065638089872074,152.4707879823604,101
BIOMD0000000559,s109,9908.116511105103,1.7414290069029221,1000000.0,3.219185961435838,2.3291756677775166,2.4617084628362025,5.67063442168629,23.065638079755427,152.470787925762,101
BIOMD0000000559,s110,9908.116511105103,1.7414290069029221,1000000.0,3.219185961435838,2.3291756677775166,2.4617084628362025,5.67063442168629,23.065638079755427,152.470787925762,101
BIOMD0000000559,s111,9908.116511105103,1.7414290069029221,1000000.0,3.219185961435838,2.3291756677775166,2.4617084628362025,5.67063442168629,23.065638079755427,152.470787925762,101
BIOMD0000000559,s112,9908.116511105103,1.7414290069029221,1000000.0,3.219185961435838,2.3291756677775166,2.4617084628362025,5.67063442168629,23.065638079755427,152.470787925762,101
BIOMD0000000559,s113,9908.116511121607,1.74142899654293,1000000.0,3.2191859654725805,2.3291756722821715,2.461708467261484,5.670634426624949,23.065638163339795,152.47078839376496,101
BIOMD0000000559,s445,9908.116511140886,1.7414289876960507,1000000.0,3.2191859710491464,2.3291756790854192,2.461708473832398,5.670634432538604,23.065638255025508,152.47078890673313,101
BIOMD0000000559,s446,9908.116511120867,1.7414289967882777,1000000.0,3.219185965234211,2.3291756719772776,2.4617084669695,5.670634426394243,23.065638159998763,152.4707883750846,101
BIOMD0000000559,s447,9908.11651112157,1.7414289964718999,1000000.0,3.219185965439953,2.3291756722293293,2.4617084672127576,5.670634426610768,23.06563816333773,152.47078839376456,101
BIOMD0000000559,s448,9908.11651112157,1.7414289964718999,1000000.0,3.219185965439953,2.3291756722293293,2.4617084672127576,5.670634426610768,23.06563816333773,152.47078839376456,101
BIOMD0000000559,s451,9908.11651112157,1.7414289964718999,1000000.0,3.219185965439953,2.3291756722293293,2.4617084672127576,5.670634426610768,23.06563816333773,152.47078839376456,101
BIOMD0000000559,s517,9901.502266515665,0.09972055617199463,1000000.0,0.19944116469403753,0.1329607067181505,0.14245790862183186,0.39888275912228627,1.9944163690543077,9.97208489128119,101
BIOMD0000000559,s518,9901.502266515665,0.09972055617199463,1000000.0,0.19944116469403753,0.1329607067181505,0.14245790862183186,0.39888275912228627,1.9944163690543077,9.97208489128119,101
BIOMD0000000559,s519,9901.502266515665,0.09972055617199463,1000000.0,0.19944116469403753,0.1329607067181505,0.14245790862183186,0.39888275912228627,1.9944163690543077,9.97208489128119,101
BIOMD0000000559,s520,9901.502266516552,0.09972055704719503,1000000.0,0.19944116557019195,0.13296070760341122,0.14245790950497958,0.39888276000217765,1.9944163700176358,9.972084892674106,101
BIOMD0000000559,s521,9901.502266521271,0.09972055999967566,1000000.0,0.19944117020379518,0.1329607114654494,0.1424579135192322,0.39888276549980967,1.9944163767856617,9.97208490266884,101
BIOMD0000000559,s522,9901.502266515665,0.09972055617199463,1000000.0,0.19944116469403753,0.1329607067181505,0.14245790862183186,0.39888275912228627,1.9944163690543077,9.97208489128119,101
BIOMD0000000559,s523,9901.502266520998,0.09972055939790153,1000000.0,0.199441169933442,0.13296071103005258,0.14245791311682335,0.3988827653953942,1.9944163768195966,9.972084902759184,101
BIOMD0000000559,s524,9908.11651112157,1.7414289964718999,1000000.0,3.219185965439953,2.3291756722293293,2.4617084672127576,5.670634426610768,23.06563816333773,152.47078839376456,101
BIOMD0000000559,s525,9901.502266520938,0.09972055928080995,1000000.0,0.1994411698748963,0.1329607109422339,0.1424579130348593,0.39888276536612155,1.9944163768137422,9.972084902758013,101
BIOMD0000000559,s526,9901.502266520938,0.09972055928080995,1000000.0,0.1994411698748963,0.1329607109422339,0.1424579130348593,0.39888276536612155,1.9944163768137422,9.972084902758013,101
BIOMD0000000559,s528,9901.502266520938,0.09972055928080995,1000000.0,0.1994411698748963,0.1329607109422339,0.1424579130348593,0.39888276536612155,1.9944163768137422,9.972084902758013,101
BIOMD0000000559,s529,9901.502266520938,0.09972055928080995,1000000.0,0.1994411698748963,0.1329607109422339,0.1424579130348593,0.39888276536612155,1.9944163768137422,9.972084902758013,101
BIOMD0000000559,s530,9901.502266520938,0.09972055928080995,1000000.0,0.1994411698748963,0.1329607109422339,0.1424579130348593,0.39888276536612155,1.9944163768137422,9.972084902758013,101
BIOMD0000000559,s531,9901.502266520649,0.09972055899195414,1000000.0,0.19944116958572625,0.13296071065005804,0.1424579127433809,0.3988827650757177,1.9944163764958032,9.972084902298299,101
BIOMD0000000559,s533,9901.502266516729,0.09972055670033499,1000000.0,0.19944116573867937,0.13296070752169636,0.14245790947307777,0.39888276043087967,1.9944163707172273,9.972084893749773,101
BIOMD0000000559,s535,9901.502266528898,0.09972056705573536,1000000.0,0.19944117773078662,0.13296071884436123,0.14245792092510146,0.3988827732919902,1.9944163855235473,9.972084915360849,101
BIOMD0000000559,s527,9908.116511909771,1.7414298040969514,1000000.0,3.219186742991735,2.329176506846338,2.461709292406031,5.670635120192361,23.06563893188349,152.4707903749837,101
BIOMD0000000559,s1,1.8345059575481894e-10,1.3913314944609661e-12,3.718026997582633e-10,1.8332091400926933e-10,8.907996562727908e-11,1.0792822191686352e-10,2.775617513713958e-10,3.529544434673133e-10,3.68033159522368e-10,101
BIOMD0000000559,s2,1.8345059575481894e-10,1.3913314944609661e-12,3.718026997582633e-10,1.8332091400926933e-10,8.907996562727908e-11,1.0792822191686352e-10,2.775617513713958e-10,3.529544434673133e-10,3.68033159522368e-10,101
BIOMD0000000559,s5,1.5537632460791696e-10,6.051825707456825e-13,3.398724636326123e-10,1.51390677799856e-10,5.714961837631383e-11,7.599787466854113e-11,2.4563151519631967e-10,3.210242073305701e-10,3.361027013498452e-10,101
BIOMD0000000559,s6,9901.502267095964,0.09972086952212832,1000000.0,0.1994417317893898,0.1329611570951367,0.14245838203358802,0.3988834565440747,1.9944172559750866,9.972086253589074,101
BIOMD0000000559,s7,9.141200522571313e-10,8.702816897818764e-10,9.579585692072718e-10,9.141199507454095e-10,8.922009396051045e-10,8.965846225471786e-10,9.36039200377345e-10,9.53574647731483e-10,9.570817610536926e-10,101
BIOMD0000000559,s17,2.7213314244642634e-09,2.4524662451101832e-11,5.942143157896889e-09,2.654577471859997e-09,1.0107944988648823e-09,1.3395512032883245e-09,4.298360312269923e-09,5.613386726156361e-09,5.87639192665298e-09,101
BIOMD0000000559,s18,9.56623765577527e-10,7.470226457628564e-12,1.924671977578724e-09,9.563882615723417e-10,4.722464036124646e-10,5.69074807499527e-10,1.4405299580741091e-09,1.8278435736754908e-09,1.9053062967979846e-09,101
BIOMD0000000559,s20,3.673061087860346e-09,1.7732260114785646e-11,7.92512527904076e-09,3.608354960987091e-09,1.449969813460106e-09,1.881646731329875e-09,5.766740005158339e-09,7.493448134833107e-09,7.83878967253901e-09,101
BIOMD0000000559,s21,1.8345059575481894e-10,1.3913314944609661e-12,3.718026997582633e-10,1.8332091400926933e-10,8.907996562727908e-11,1.0792822191686352e-10,2.775617513713958e-10,3.529544434673133e-10,3.68033159522368e-10,101
BIOMD0000000559,s22,3.268820321986343e-08,1.2771412708882757e-10,7.150234916318136e-08,3.1849773255753506e-08,1.202348623816794e-08,1.5988743670581088e-08,5.16760610490071e-08,6.753709144797657e-08,7.070929755702527e-08,101
BIOMD0000000559,s23,3.59411441016303e-09,2.814248836016117e-11,7.82837934135943e-09,3.511609128780311e-09,1.3532239800499397e-09,1.784901009098929e-09,5.669994175201939e-09,7.396702418453151e-09,7.742044067772595e-09,101
BIOMD0000000559,s24,3.5941144112622608e-09,2.814248836016117e-11,7.82837934135943e-09,3.511609128780311e-09,1.3532239800499397e-09,1.784901009098929e-09,5.669994175201939e-09,7.396702418453151e-09,7.742044067772595e-09,101
BIOMD0000000559,s25,1.8345059575481894e-10,1.3913314944609661e-12,3.718026997582633e-10,1.8332091400926933e-10,8.907996562727908e-11,1.0792822191686352e-10,2.775617513713958e-10,3.529544434673133e-10,3.68033159522368e-10,101
BIOMD0000000559,s26,1.8345059575481894e-10,1.3913314944609661e-12,3.718026997582633e-10,1.8332091400926933e-10,8.907996562727908e-11,1.0792822191686352e-10,2.775617513713958e-10,3.529544434673133e-10,3.68033159522368e-10,101
BIOMD0000000559,s27,5.4556860670828006e-11,2.6292967802987732e-11,8.282063921375516e-11,5.455702555670249e-11,4.042499668077665e-11,4.325140245611087e-11,6.868883238616035e-11,7.999445548406915e-11,8.225553569458685e-11,101
BIOMD0000000559,s29,3.593615057138221e-09,2.8639868275566987e-11,7.827663691629347e-09,3.5110133831112732e-09,1.3526881864187888e-09,1.7843532250598082e-09,5.6693384774999236e-09,7.395998759128289e-09,7.741330749510159e-09,101
BIOMD0000000559,s30,3.005147253260204e-10,9.504619313820883e-13,6.059860391574562e-10,3.0041258370583575e-10,1.476258004748048e-10,1.7818313491623422e-10,4.5319925591851793e-10,5.754287047138127e-10,5.998744834508728e-10,101
BIOMD0000000559,s31,3.59411441016303e-09,2.814248836016117e-11,7.82837934135943e-09,3.511609128780311e-09,1.3532239800499397e-09,1.784901009098929e-09,5.669994175201939e-09,7.396702418453151e-09,7.742044067772595e-09,101
BIOMD0000000559,s32,3.59411441016303e-09,2.814248836016117e-11,7.82837934135943e-09,3.511609128780311e-09,1.3532239800499397e-09,1.784901009098929e-09,5.669994175201939e-09,7.396702418453151e-09,7.742044067772595e-09,101
BIOMD0000000559,s33,9901.502267086384,0.09972086418898825,1000000.0,0.19944172273552635,0.1329611495899403,0.1424583742281399,0.3988834455238357,1.994417240765321,9.972086224112472,101
BIOMD0000000559,s35,1.5813756582220345e-12,1.0610771520688244e-15,3.462901077013744e-12,1.539774530104529e-12,5.781354654275474e-13,7.704935948528548e-13,2.5012620123330635e-12,3.2705429475874005e-12,3.42439913463841e-12,101
BIOMD0000000559,s200,9901.502267036882,0.099720831441407,1000000.0,0.19944167391381407,0.13296110817536844,0.14245833135130292,0.39888338845080973,1.9944171718035435,9.972086125633599,101
BIOMD0000000559,s381,9901.502267085716,0.09972086271399137,1000000.0,0.19944172199194438,0.1329611485167942,0.14245837321980778,0.39888344515825447,1.9944172410055372,9.972086226031053,101
BIOMD0000000559,s383,9901.502267085305,0.09972086232387538,1000000.0,0.19944172160087179,0.13296114811661644,0.142458372821742,0.39888344476344434,1.994417240527292,9.972086225123226,101
BIOMD0000000559,s385,9901.502267085305,0.09972086232387538,1000000.0,0.19944172160087179,0.13296114811661644,0.142458372821742,0.39888344476344434,1.994417240527292,9.972086225123226,101
BIOMD0000000559,s387,9901.502267085305,0.09972086232387538,1000000.0,0.19944172160087179,0.13296114811661644,0.142458372821742,0.39888344476344434,1.994417240527292,9.972086225123226,101
BIOMD0000000559,s389,9901.502267085305,0.09972086232387538,1000000.0,0.19944172160087179,0.13296114811661644,0.142458372821742,0.39888344476344434,1.994417240527292,9.972086225123226,101
BIOMD0000000559,s391,9901.50226708667,0.09972086153865427,1000000.0,0.19944172282915354,0.13296114841739462,0.1424583733056101,0.3988834470254311,1.9944172442814634,9.97208623259011,101
BIOMD0000000559,s393,9901.502267085303,0.09972086232183389,1000000.0,0.19944172159888568,0.13296114811455534,0.14245837281969714,0.39888344476147025,1.99441724052493,9.972086225118757,101
BIOMD0000000559,s473,9901.502267086475,0.09972086129279926,1000000.0,0.1994417226415292,0.13296114819749205,0.1424583730922597,0.3988834468658466,1.9944172441177597,9.97208623228931,101
BIOMD0000000559,s474,9901.502267086613,0.09972086142156257,1000000.0,0.19944172277060748,0.13296114832957573,0.14245837322364566,0.3988834469961581,1.9944172442756087,9.97208623258894,101
BIOMD0000000559,s475,9901.502267086613,0.09972086142156245,1000000.0,0.19944172277060748,0.13296114832957573,0.14245837322364582,0.3988834469961576,1.994417244275608,9.97208623258894,101
BIOMD0000000559,s476,9901.502267086613,0.09972086142156245,1000000.0,0.19944172277060748,0.13296114832957573,0.14245837322364582,0.3988834469961576,1.994417244275608,9.97208623258894,101
BIOMD0000000559,s477,9901.502267086613,0.09972086142156245,1000000.0,0.19944172277060748,0.13296114832957573,0.14245837322364582,0.3988834469961576,1.994417244275608,9.97208623258894,101
BIOMD0000000559,s478,9901.502267086613,0.09972086142156257,1000000.0,0.19944172277060748,0.13296114832957573,0.14245837322364566,0.3988834469961581,1.9944172442756087,9.97208623258894,101
BIOMD0000000559,s479,9901.502267086664,0.09972086138819013,1000000.0,0.19944172281765601,0.13296114833952988,0.14245837324092422,0.39888344708447687,1.994417244423099,9.972086232882509,101
BIOMD0000000559,s502,9904.892987814854,0.831520700009753,1000000.0,1.5473356101393494,1.1257708780205251,1.187846851775593,2.7643811624067838,12.455452689144646,102.84643387790076,101
BIOMD0000000577,model,14743.64806649848,2.0670051191407766e-08,1000000.0,1.045249609764244,0.8408658869819993,0.9120123026548567,1.8851547512377533,30.343249477733064,1000000.0,3232
BIOMD0000000577,species_1,0.6822583666810772,1.1783835317182399e-07,0.8888333880543597,0.7419410856051478,0.5338664895641987,0.5774716548885992,0.8635116677821912,0.8878889455640118,0.8887547933324779,101
BIOMD0000000577,species_2,2.215100182057084,7.247059173276939e-08,4.21635523964806,2.063331065449961,0.9944793893582582,1.1519339517946525,3.4476116256658544,4.180616461395057,4.216023201989488,101
BIOMD0000000577,species_3,1.7461772785514946,2.0670051191407766e-08,3.766477352914572,1.7252045830071658,1.1051178400161028,1.2999143917575608,2.3017689536283306,3.572166525074366,3.738363314867542,101
BIOMD0000000577,species_4,0.5173566493826879,7.878408587178269e-07,0.9625832179728246,0.544118241186008,0.23925797799673965,0.2638515882124677,0.7977279047504316,0.9550671409941643,0.9624828030113699,101
BIOMD0000000577,cCOP1c,0.5866651376121274,1.9565536084183412e-07,0.6581886569267598,0.6556706819369096,0.607489842201624,0.6301458073145477,0.6580723867233488,0.6581837441316433,0.65818789593727,101
BIOMD0000000577,cCOP1d,1.2015691388671832,3.97989211696286e-05,1.3263448078745603,1.2118909061757142,1.1467699212616147,1.1591466534258634,1.27454035460615,1.3171065074999209,1.3245446390031388,101
BIOMD0000000577,cCOP1n,1.0941225961015497,1.9208250058215386e-05,14.519900720941875,0.31050719660148574,0.27784181214028386,0.2922928656145678,0.3130028613858815,6.277830976677922,12.86523424947415,101
BIOMD0000000577,cE3,3.6956963102915457,1.374698245249052e-07,8.871115471913429,2.5188313597719842,1.369069148661372,1.4443143951582504,6.099975244825877,8.749392399862908,8.870000406832578,101
BIOMD0000000577,cE3_m,2.2223095566045346,2.3504354970384632e-07,7.269573012497069,0.9762683820471294,0.5576856037739648,0.5881430702734414,3.509630543331438,6.928944677912216,7.236110175711426,101
BIOMD0000000577,cE3n,16.834678936372057,3.8731637264774716e-08,61.797568127940245,6.428790929418784,2.736479689170562,5.136832520313761,25.951072322630402,58.71487048988227,61.510442162903225,101
BIOMD0000000577,cE4,0.7131937613534629,2.2946764244090654e-07,0.9211592760960811,0.8951808969176197,0.42539417264286394,0.5221063348882783,0.9119981361130997,0.9206015944477002,0.9211235790466341,101
BIOMD0000000577,cE4_m,0.8428698479209626,2.515134130512739e-07,0.9560869410969598,0.9391032039956264,0.7820097218847918,0.8401565885141821,0.944792609248261,0.9555311313323308,0.9560506337260785,101
BIOMD0000000577,cEC,27.97785592813309,4.398715809416603e-07,134.05226651383512,9.085155061532893,6.572883693597946,6.772367334555396,33.26792175293319,120.00943446831224,132.59395054175556,101
BIOMD0000000577,cEG,2.0017385999300106,5.516017456712898e-07,8.902689606049556,0.4496596127154956,0.09139386200469397,0.10122520555361904,3.1742333707674266,8.310828257594578,8.833764634487842,101
BIOMD0000000577,cG,1.8003978400431535,2.2161974464374827e-06,3.4279134613289224,1.690382600902999,1.3955376238726986,1.4533597741433337,1.786148954466709,3.2498787523510626,3.4082837043445675,101
BIOMD0000000577,cG_m,0.9600224736963185,8.72866168286926e-06,1.043131966439682,0.9882801783972485,0.971859874216589,0.9842509742353361,0.9904879477497934,0.992460342782619,1.0249888167600207,101
BIOMD0000000577,cL,0.690727400652283,4.810955499003321e-07,0.8948665378568479,0.7325259695104033,0.5513178115211426,0.595477103455078,0.8535745343173807,0.8930701984695673,0.8947180834046029,101
BIOMD0000000577,cLUX,0.8568989260152635,2.2825847763250307e-07,0.9738180837682082,0.9585986931277174,0.7226292761256232,0.7765137965598703,0.9681872726514418,0.9735358459165161,0.9737985894016213,101
BIOMD0000000577,cLUX_m,1.1111943995350588,2.6613943335572703e-07,1.4786053928843352,1.0434195682677314,1.0286563094722332,1.0329208061821544,1.1457639576615695,1.4410896200554866,1.4746401091277845,101
BIOMD0000000577,cL_m,17.14737798676519,7.95802811885393e-07,53.69645916385062,8.792196304084417,1.9063332098412435,2.686352827050091,30.3700600204176,52.42812378921876,53.67062841716936,101
BIOMD0000000577,cLm,1.9908498028061958,3.0594313012579035e-07,4.81940816589481,1.4911495891898867,1.0450077286485429,1.1159815736088097,2.7772555498579425,4.724575969867383,4.812231820342312,101
BIOMD0000000577,cNI,1.3436255545570628,6.603433755136515e-07,2.956402479229643,1.184100738586888,1.1368069793924025,1.1421660442727102,1.3973921867325398,2.422100771915992,2.838703266906687,101
BIOMD0000000577,cNI_m,1.2666831380512924,3.0403397601708966e-07,2.9062745464709208,1.0665995426729369,1.025588639127447,1.0331050631741394,1.3570183438618442,2.473856670311238,2.8279725087338177,101
BIOMD0000000577,cP,471696.1538229868,9.999987616982936e-07,1000000.0,183116.2777760361,426.7115565514273,1436.0262699255873,1000000.0,1000000.0,1000000.0,101
BIOMD0000000577,cP7,1.472712798955055,1.006478400818665e-06,3.9417724153239497,1.0951379126275256,1.0504264029765926,1.0547617909110778,1.5247843410260926,3.51758701817669,3.9069209842154997,101
BIOMD0000000577,cP7_m,0.8782033390161448,5.033516025302078e-07,1.71249519594558,0.9479522227241743,0.7522658027136628,0.8275856288493968,0.971124951322346,1.606751700495702,1.7062974073428718,101
BIOMD0000000577,cP9,1.3372708650725065,1.2649398397371789e-06,1.9815529385737454,1.2018114301481573,1.0680114303642303,1.088750664546103,1.6185966370253861,1.9705548673288773,1.9805892797732456,101
BIOMD0000000577,cP9_m,0.9866804881598876,4.065054678491302e-05,1.0016130922095867,0.9996148745064785,0.9927489410837157,0.9940821961589824,1.0008403460627107,1.0015594554770597,1.0016070265184471,101
BIOMD0000000577,cT,1.2950137027828008,1.897440612737753e-07,2.187249442459688,1.1733390444057141,1.1234951224809877,1.130550494821337,1.4654514357359711,2.138087076809275,2.186521424950194,101
BIOMD0000000577,cT_m,1.84482836253451,2.5826208105529893e-07,3.906083411482804,1.2926424233236398,1.194563520310735,1.2094538678532734,2.591490099277541,3.7949810281594645,3.904743284862261,101
BIOMD0000000577,cZG,0.9788456467330595,3.6685410749412917e-07,1.0087145244790205,1.004578175100522,1.0042243302735232,1.0043003322181383,1.0058708162604675,1.008446383724882,1.0086810917325342,101
BIOMD0000000577,cZTL,2.2913799492577245,1.7811722622444894e-07,5.159543860834062,2.1537842125294286,0.7068760141069452,1.2007090193053522,3.366881501981644,5.052710140514484,5.152339195329464,101
BIOMD0000000580,model,11313.634775352317,0.0,1000000.0,0.01336110711475148,2.84567767591743e-07,7.810874440843675e-07,5.7105750678096365,322.9880108206074,737085.8574638804,2626
BIOMD0000000580,IR_beta,0.008560193708963555,1.2427308855938274e-06,0.017169814771107125,0.00854774527627432,0.004264154906119683,0.005119415084336208,0.01284960593634683,0.016304301401079045,0.01699665315286278,101
BIOMD0000000580,IR_beta_pY1146,9901.005920878106,0.01083815579533463,1000000.0,0.016169212372833495,0.013573098890799946,0.014117122825757347,0.018676082701792152,0.020030201784185925,0.020105759396195404,101
BIOMD0000000580,IR_beta_refractory,9911.152737152708,1.9800210581173752,1000000.0,3.955504551242761,2.6378799601370444,2.8260031788581554,7.912182481689688,39.57926816027379,197.92046225352647,101
BIOMD0000000580,IRS1,4.134267154815302e-08,5.1223472196917625e-14,1.1527551730367525e-07,3.287906283244438e-08,7.061181454413149e-09,1.0928847902591146e-08,7.107021130267043e-08,1.0625772389056125e-07,1.1347136937917131e-07,101
BIOMD0000000580,IRS1_p,9906.087139960853,0.9872709403042189,1000000.0,1.978090540502224,1.3169245174505284,1.4112708920906811,3.9652805662628596,19.87602091758301,99.43600670808527,101
BIOMD0000000580,IRS1_pS636,66883.60771706345,6.793217337500694,1000000.0,96.23181251360761,20.735830656124694,26.95116584125321,1394.3854102865967,764520.449105878,1000000.0,101
BIOMD0000000580,AMPK,3.8137593954625427e-06,0.0,1.133799797256139e-05,2.858567649099688e-06,7.22296166967721e-07,1.036803273722882e-06,6.399046014265673e-06,1.0238470420068706e-05,1.1113624032434728e-05,101
BIOMD0000000580,AMPK_pT172,10070.03515827257,2.49451373353819,1000000.0,7.004732363575809,3.7740631600512486,4.1807985680799336,22.060634649938862,432.04807835660006,10068.04422843458,101
BIOMD0000000580,Akt_T308,2.69332885915092e-06,0.0,8.0068260243672e-06,2.0188156745582523e-06,5.101778560573867e-07,7.32289824920037e-07,4.519042299544844e-06,7.2303640284195056e-06,7.848378172816572e-06,101
BIOMD0000000580,Akt_pT308,10070.05195690592,2.494532380042609,1000000.0,7.005059481195288,3.7741638871448306,4.180926331206137,22.06219044019459,432.08984185794515,10069.08490412693,101
BIOMD0000000580,Akt_S473,5.073333595126182e-11,0.0,1.497124743249062e-10,3.5814214217456e-11,8.23564249790759e-12,1.198345283783283e-11,8.764473920248774e-11,1.3839422918451326e-10,1.4755910362646757e-10,101
BIOMD0000000580,Akt_pS473,84790.091664328,3.718106739947168,1000000.0,71.61883999655151,13.039078041248134,17.426787122239773,1576.8636031334372,1000000.0,1000000.0,101
BIOMD0000000580,mTORC1,0.00029592959592512344,4.389155161481986e-08,0.0005919591551625788,0.0002959138363214075,0.0001479240251342904,0.00017752023570795678,0.0004439255452485546,0.0005623506809454725,0.0005860373902265948,101
BIOMD0000000580,mTORC1_pS2448,9900.990476283228,1.7394269385324496e-05,1000000.0,0.0002711094844782953,0.00023718133956461828,0.0002452632745713048,0.0002916022005603617,0.0009070465688980747,0.006831743868684399,101
BIOMD0000000580,mTORC2,2.626131244368034e-07,0.0,7.880493346305259e-07,1.951898941120439e-07,4.912865068730298e-08,7.055333165572526e-08,4.401552312556317e-07,7.099759046873704e-07,7.720883338002153e-07,101
BIOMD0000000580,mTORC2_pS2481,10063.91324069224,2.378617029109437,1000000.0,6.611782323087614,3.5703703193136698,3.9513976492523617,20.93871349338165,415.54322530498956,9722.563430441109,101
BIOMD0000000580,p70S6K,1.3801589350303439e-10,8.694845028880326e-16,2.533677066377415e-10,1.4385447866452202e-10,7.792593471242427e-11,9.196239630679922e-11,2.0119550531902066e-10,2.4318293155907824e-10,2.5133721060310086e-10,101
BIOMD0000000580,p70S6K_pT389,9906.134350498545,1.0015520799495907,1000000.0,2.0030750489871134,1.3353723287841104,1.4307548700080464,4.006307111673579,20.032609973528313,100.16351320146663,101
BIOMD0000000580,PRAS40_T246,6.217752725151348e-08,0.0,2.1140411767878262e-07,3.9675468039566835e-08,8.95858068972696e-09,1.3090054675598342e-08,1.0374560387594091e-07,1.860581199149477e-07,2.0617779635430934e-07,101
BIOMD0000000580,PRAS40_pT246,21350.219835803855,5.026190003421165,1000000.0,20.037740190319024,8.597105852941272,9.848998682519865,107.63482993331056,8598.865340936518,950535.7541724492,101
BIOMD0000000580,PRAS40_S183,3.7320985374616396e-07,1.0506315665512592e-13,8.436042814808364e-07,3.481947347938775e-07,1.5563089240209006e-07,1.9119607338177462e-07,5.775299264589326e-07,7.874474578892883e-07,8.322551112338346e-07,101
BIOMD0000000580,PRAS40_pS183,9905.990295517311,0.9911156826776795,1000000.0,1.9563745878620857,1.3119704245411636,1.4038743455126967,3.894961405187305,19.422952695035384,97.0725012105684,101
BIOMD0000000580,TSC1_TSC2_pT1462,2.2776488735860298e-08,0.0,7.722244689579939e-08,1.459274781614269e-08,3.3546451580812476e-09,4.872987104812669e-09,3.795945293267101e-08,6.797725211796038e-08,7.53160159874716e-08,101
BIOMD0000000580,TSC1_TSC2_pS1387,21589.725587454428,5.02168486547485,1000000.0,20.163844698272214,8.616917737050983,9.878790925175181,108.89200399632259,8764.656934799643,970603.2256647081,101
BIOMD0000000580,PI3K_variant,1.6493266611428041e-06,1.04323262056726e-13,3.7350261297502976e-06,1.5373185012668556e-06,6.813744713071216e-07,8.389674219075756e-07,2.5576267717919725e-06,3.487232243815634e-06,3.6849787963296182e-06,101
BIOMD0000000580,PI3K_variant_p,9905.489213306917,0.9427225883339163,1000000.0,1.7823532771970032,1.2180859165243991,1.297925849208285,3.5018827806646464,17.353142351119814,86.6595868818706,101
BIOMD0000000584,model,49977.36917400939,0.0,1000000.0,0.9999999999999986,0.9999999983660841,0.9999999999996616,1.0000000000000056,1.0001142618574834,1000000.0,2121
BIOMD0000000584,IPTG,0.9900999949961463,9.949461078394961e-05,1.0,1.0,1.0,1.0,1.0,1.0,1.0,101
BIOMD0000000584,ia1_ActiveTF,990099.0099994997,0.00994946107842793,1000000.0,1000000.0,1000000.0,1000000.0,1000000.0,1000000.0,1000000.0,101
BIOMD0000000584,ia1_InactiveTF,0.9901975194166182,0.00994946107842793,1.0,1.0,1.0,1.0,1.0,1.0,1.0,101
BIOMD0000000584,p1,0.9900985276488257,0.0,1.0000000000092562,0.9999999999999994,0.9999999999999944,0.9999999999999962,1.000000000000006,1.0000000000005957,1.000000000003931,101
BIOMD0000000584,p2,0.9900985276488257,0.0,1.0000000000092562,0.9999999999999994,0.9999999999999944,0.9999999999999962,1.000000000000006,1.0000000000005957,1.000000000003931,101
BIOMD0000000584,p3,0.9900985276488257,0.0,1.0000000000092562,0.9999999999999994,0.9999999999999944,0.9999999999999962,1.000000000000006,1.0000000000005957,1.000000000003931,101
BIOMD0000000584,pAUR1,0.9900985276488257,0.0,1.0000000000092562,0.9999999999999994,0.9999999999999944,0.9999999999999962,1.000000000000006,1.0000000000005957,1.000000000003931,101
BIOMD0000000584,pSLS1,0.9900985276488257,0.0,1.0000000000092562,0.9999999999999994,0.9999999999999944,0.9999999999999962,1.000000000000006,1.0000000000005957,1.000000000003931,101
BIOMD0000000584,pSLS4,0.9900985276488257,0.0,1.0000000000092562,0.9999999999999994,0.9999999999999944,0.9999999999999962,1.000000000000006,1.0000000000005957,1.000000000003931,101
BIOMD0000000584,proAUR1,9901.980196009481,0.9999978948441038,1000000.0,0.9999978948441038,0.9999978948441038,0.9999978948441038,0.9999978948443696,0.999998503870214,0.9999998576660497,101
BIOMD0000000584,proLACI,9901.980298144252,1.0000910450648064,1000000.0,1.0001009997016443,1.0001002958147889,1.0001006670022652,1.0001017663586336,1.0001076039562393,1.0001142618574834,101
BIOMD0000000584,proLAMDAR,9901.980128348006,0.999922933677585,1000000.0,0.9999295768619524,0.9999291865329204,0.9999293679560206,0.9999299816362781,0.9999337222472622,0.9999372102597239,101
BIOMD0000000584,proSLS1,9901.980198014764,0.999999990142774,1000000.0,0.9999999949863752,0.999999994986375,0.9999999949863752,0.9999999949863752,0.9999999949863752,0.9999999949863752,101
BIOMD0000000584,proSLS4,9901.980197995641,0.9999994756977703,1000000.0,0.9999999831967507,0.9999999831953612,0.9999999831965686,0.9999999831967507,0.9999999831967507,0.9999999831967507,101
BIOMD0000000584,proTETR,9901.980156339092,0.9999465478596626,1000000.0,0.9999579848775983,0.9999576535982685,0.9999578552349544,0.9999583630086675,0.9999608463612587,0.9999637736667454,101
BIOMD0000000584,ter1,0.9900985276488257,0.0,1.0000000000092562,0.9999999999999994,0.9999999999999944,0.9999999999999962,1.000000000000006,1.0000000000005957,1.000000000003931,101
BIOMD0000000584,ter2,0.9900985276488257,0.0,1.0000000000092562,0.9999999999999994,0.9999999999999944,0.9999999999999962,1.000000000000006,1.0000000000005957,1.000000000003931,101
BIOMD0000000584,ter3,0.9900985276488257,0.0,1.0000000000092562,0.9999999999999994,0.9999999999999944,0.9999999999999962,1.000000000000006,1.0000000000005957,1.000000000003931,101
BIOMD0000000584,ter4,0.9900985276488257,0.0,1.0000000000092562,0.9999999999999994,0.9999999999999944,0.9999999999999962,1.000000000000006,1.0000000000005957,1.000000000003931,101
BIOMD0000000584,ter5,0.9900985276488257,0.0,1.0000000000092562,0.9999999999999994,0.9999999999999944,0.9999999999999962,1.000000000000006,1.0000000000005957,1.000000000003931,101
BIOMD0000000584,ter6,0.9900985276488257,0.0,1.0000000000092562,0.9999999999999994,0.9999999999999944,0.9999999999999962,1.000000000000006,1.0000000000005957,1.000000000003931,101
BIOMD0000000586,model,206931.38314846862,0.0,1000000.0,1.0000000000000187,0.9999999962310895,0.9999999990711755,1.0000000000005742,1000000.0,1000000.0,1010
BIOMD0000000586,G0,1.3135807073535273e-15,0.0,2.2204460492503143e-15,1.4432899320127035e-15,7.771561172376096e-16,8.881784197001252e-16,1.887379141862768e-15,2.2204460492503135e-15,2.2204460492503143e-15,101
BIOMD0000000586,G1,9901.970253037709,0.048699094451148055,1000000.0,0.999999999614404,0.9999999878608351,0.9999999949796884,0.9999999999581761,0.9999999999892903,0.9999999999915814,101
BIOMD0000000586,rA,9901.980198019803,1.0000000000000142,1000000.0,1.0000000000000286,1.000000000000019,1.0000000000000204,1.0000000000000575,1.0000000000002869,1.0000000000014349,101
BIOMD0000000586,I,9901.980198019803,1.000000000000002,1000000.0,1.0000000000000075,1.0000000000000036,1.0000000000000038,1.0000000000000302,1.0000000000007572,1.000000000018931,101
BIOMD0000000586,rI,9901.980198019803,1.0000000000001241,1000000.0,1.0000000000002482,1.0000000000001654,1.0000000000001772,1.000000000000496,1.000000000002481,1.0000000000124047,101
BIOMD0000000586,A,9901.980198019804,1.0000000000000147,1000000.0,1.0000000000000593,1.0000000000000262,1.0000000000000302,1.0000000000002367,1.0000000000059164,1.000000000147911,101
BIOMD0000000586,AI,9901.970219804209,0.06496773900246922,1000000.0,0.9999999916638348,0.9999998165925015,0.9999999166549671,0.999999998797823,0.9999999996223975,0.9999999996918383,101
BIOMD0000000586,A2,9901.97021976514,0.06498524386338997,1000000.0,0.9999999915376628,0.9999998147017323,0.9999999157038522,0.9999999987732137,0.999999999612807,0.9999999996836958,101
BIOMD0000000586,G2,1000000.0,1000000.0,1000000.0,1000000.0,1000000.0,1000000.0,1000000.0,1000000.0,1000000.0,101
BIOMD0000000586,G3,1000000.0,1000000.0,1000000.0,1000000.0,1000000.0,1000000.0,1000000.0,1000000.0,1000000.0,101
BIOMD0000000587,model,206931.38316351676,0.0,1000000.0,0.9999999999999996,0.9999999973892101,0.9999999993756225,1.0000000000000295,1000000.0,1000000.0,1010
BIOMD0000000587,G0,4.034176733043886e-16,0.0,6.661338147750941e-16,4.440892098500626e-16,2.220446049250315e-16,3.3306690738754696e-16,5.551115123125784e-16,6.66133814775094e-16,6.661338147750941e-16,101
BIOMD0000000587,G1,9901.970291810047,0.01729220761020383,1000000.0,0.9999999997656054,0.9999999891887992,0.9999999958849907,0.9999999999759566,0.9999999999938705,0.9999999999951815,101
BIOMD0000000587,rR,9901.980198019803,0.9999999999992344,1000000.0,0.999999999999985,0.9999999999999706,0.9999999999999754,0.9999999999999899,0.999999999999992,0.9999999999999923,101
BIOMD0000000587,I,9901.980198019803,1.0000000000000004,1000000.0,1.0000000000000018,1.0000000000000009,1.0000000000000009,1.000000000000007,1.0000000000001783,1.000000000004455,101
BIOMD0000000587,rI,9901.980198019803,0.9999999999999978,1000000.0,1.0,0.9999999999999999,0.9999999999999999,1.0,1.0,1.0,101
BIOMD0000000587,R,9901.980198019803,1.000000000000003,1000000.0,1.0000000000000122,1.0000000000000056,1.0000000000000062,1.0000000000000493,1.0000000000012295,1.0000000000307336,101
BIOMD0000000587,RI,9901.970275650923,0.035163362232658514,1000000.0,0.9999999943054543,0.9999998483646904,0.9999999344647578,0.9999999991909575,0.9999999997460592,0.9999999997927547,101
BIOMD0000000587,R2,9901.970275627393,0.03518311562439522,1000000.0,0.9999999942359917,0.9999998473352592,0.9999999339545389,0.999999999177061,0.9999999997406365,0.9999999997881522,101
BIOMD0000000587,G2,1000000.0,1000000.0,1000000.0,1000000.0,1000000.0,1000000.0,1000000.0,1000000.0,1000000.0,101
BIOMD0000000587,G3,1000000.0,1000000.0,1000000.0,1000000.0,1000000.0,1000000.0,1000000.0,1000000.0,1000000.0,101
BIOMD0000000590,model,0.6906552054355088,2.7092408542654326e-10,7.03528421480786,0.8263147030333747,0.3138273006199558,0.31383886253659604,1.0000000240095954,1.2221613854064717,1.6129560591252239,909
BIOMD0000000590,cp,0.9381069346494467,0.00035922655366537953,0.9945380450669218,0.9532746945677315,0.9182352207751616,0.926119112300621,0.9790487549902264,0.9931469692210674,0.9943813312652087,101
BIOMD0000000590,ca,0.2038338173390437,2.2184680883867567e-05,0.8948538972797371,0.20998811363187042,0.1057956359331784,0.12682482204950685,0.29816395688312775,0.341382003369059,0.3958451061451461,101
BIOMD0000000590,dho,0.15790212946312238,0.0026682778917322732,2.0603646443741903,0.13627994345686228,0.12678628144606607,0.12908406127834846,0.1431684221759046,0.14613703128915947,0.7695222360896175,101
BIOMD0000000590,oro,1.3339428875844768,0.041862780750062716,7.03528421480786,1.2220976064554554,1.2219617968091951,1.2219846757735637,1.2229336951099528,1.622170466491534,3.6318918914624914,101
BIOMD0000000590,omp,0.9905688483510539,0.04745098843940658,1.0000001978737547,1.000000023971954,1.0000000239719204,1.000000023971933,1.000000023988007,1.0000000302276286,1.0000000763851502,101
BIOMD0000000590,ump,0.42220567482687077,0.00023972666485867354,4.076603085105743,0.3974693028204353,0.39716150680551054,0.3973951350995089,0.39746959005429855,0.3974696329942275,0.9441441200268269,101
BIOMD0000000590,udp,0.3587512828950679,3.601296077738443e-06,5.195855084571206,0.3138385133403575,0.31357070195295444,0.31377406480660586,0.3138388455934363,0.3138388936859652,1.280324673087572,101
BIOMD0000000590,utp,0.820452534670523,2.7092408542654326e-10,3.0620052781318767,0.8263146681202576,0.825997437558585,0.8262382072402428,0.8263149079021611,0.8263149466523394,0.826314950995314,101
BIOMD0000000590,ctp,0.9901327391399743,0.00026610646937308803,1.00077401505731,1.000012999845398,1.0000127435517676,1.0000127625956015,1.0000153642339975,1.000066584057474,1.000411058106586,101
BIOMD0000000596,model,0.25066175235664584,1.1895127475606653e-09,1.0000716481118213,0.14410188412486294,0.06349568358427168,0.07564302733910211,0.31795956760264144,0.9999866808033985,1.0000461610551117,1515
BIOMD0000000596,HP,0.9901106109895536,6.878969111506256e-09,1.0000716481118213,1.000004068092162,0.9999869867841715,0.9999894642702347,1.0000320759960262,1.0000626750807835,1.000069807439327,101
BIOMD0000000596,NLRX1,0.06048237588271669,1.7909401122611572e-09,0.11428721079217236,0.06572176299117442,0.03505612686395744,0.03934085509765418,0.08818236432234579,0.10443696885880278,0.11344579462952092,101
BIOMD0000000596,CytoL,0.4453071918520176,8.94949123697586e-08,0.7845176739225624,0.4537203808127758,0.22882386767237095,0.2749394546575889,0.6907710480648335,0.7795113051968702,0.7840476770605084,101
BIOMD0000000596,MyD88,0.1223445601919084,4.2665841230397445e-09,0.20892076176165952,0.12875181326506074,0.06741899855295624,0.08072400154859813,0.18342958775262688,0.20776012474023425,0.20882124431963014,101
BIOMD0000000596,TRAF6,0.12227240555815393,4.948958378905546e-08,0.465050304408673,0.08903028998201841,0.0487676547940284,0.05630279151016246,0.10759926497068399,0.42486872542784904,0.463531690713643,101
BIOMD0000000596,NFkB,0.2326728377626285,2.1175059718005053e-07,0.5160678329937332,0.2233887240867859,0.10905648205645867,0.1288861498770057,0.3553367198209418,0.45852867178044876,0.5038541562084602,101
BIOMD0000000596,IFN,0.1438346843427893,4.379534290777087e-09,0.29048870600811283,0.1565503243355816,0.0845511470910294,0.10198667885926074,0.20357569125152175,0.25972236554233363,0.2888463936646702,101
BIOMD0000000596,NOD1,0.16416928607705686,6.129978500110964e-09,0.2744113855730559,0.17841059335350437,0.09385303523355419,0.11253506850564911,0.24219489786307125,0.27307519687059645,0.2743552976104867,101
BIOMD0000000596,RIG,0.23698382731000586,1.2088454188269932e-08,0.3923768305330114,0.2552212576264885,0.1340057479143842,0.16250696309731183,0.35020060132344144,0.39059616403246017,0.3923152081580518,101
BIOMD0000000596,MAVS,0.0629885517275568,1.1895127475606653e-09,0.13462907891494788,0.06041797506997182,0.04336877307167917,0.04761170051793143,0.07163613620792615,0.13136039371381594,0.13458216842697168,101
BIOMD0000000596,IRF,0.1221732836933326,1.1981935443827751e-08,0.31787844234088725,0.13164600576582886,0.04952311192235209,0.06820031235674778,0.18494472041283902,0.23627258667304465,0.3010064394761409,101
BIOMD0000000596,TFa,0.09799244931942731,3.103652890246167e-09,0.21493056521822138,0.09704872684355703,0.04659705432963522,0.058574890011791475,0.14845722717290114,0.18781285390145236,0.20937704651860933,101
BIOMD0000000596,CytoE,0.24032953886429048,4.669362909659469e-07,0.9001880640992606,0.16214611576898816,0.09065548540855163,0.10845370647025596,0.2997313361739712,0.8095124456783604,0.8891103631397048,101
BIOMD0000000596,TFi,0.09336070510803371,1.0354259893929907e-08,0.400133591237739,0.05587575706282325,0.03260471814962009,0.03843622650254177,0.11213362301403353,0.35521088382647614,0.3979525948074544,101
BIOMD0000000596,X,0.6249039766702161,4.3961315920881816e-08,0.7652879048958905,0.6631725863617364,0.536904783229481,0.5679110898366896,0.738467652285611,0.7641154962816128,0.7651966071402179,101
BIOMD0000000598,model,628472.2080076011,1.199610622858048e-08,1000000.0,1000000.0,282.3462339543255,5077.124620774964,1000000.0,1000000.0,1000000.0,2828
BIOMD0000000598,cCOP1c,16.818405489438497,1.4642448482079364e-07,40.23298637302957,16.041883002188616,10.430417638948926,12.436038321209397,21.033184567047865,37.54316359294493,39.757213027943095,101
BIOMD0000000598,cCOP1d,38901.55214950237,2.2220272409750214e-05,168288.77494359209,6855.566726769604,130.26591058591092,420.97595586479054,71800.74500649716,142052.60556753303,162958.0838378284,101
BIOMD0000000598,cCOP1n,1979.738379510933,9.608362939130298e-06,26392.101248792904,258.16441834366253,111.55511061315715,154.01961442867872,331.45558485086605,13059.358773327927,24994.96766628622,101
BIOMD0000000598,cE3,782389.2174161469,2.947324344735758e-07,1000000.0,1000000.0,1000000.0,1000000.0,1000000.0,1000000.0,1000000.0,101
BIOMD0000000598,cE3_m,676462.5580210945,4.1354203894264234e-07,1000000.0,1000000.0,1356.7007321049352,70094.69619222697,1000000.0,1000000.0,1000000.0,101
BIOMD0000000598,cE3n,798343.7261610676,3.2036612230093207e-06,1000000.0,1000000.0,1000000.0,1000000.0,1000000.0,1000000.0,1000000.0,101
BIOMD0000000598,cE4,749932.5715560509,1.1912084483063454e-07,1000000.0,1000000.0,434618.8691536866,1000000.0,1000000.0,1000000.0,1000000.0,101
BIOMD0000000598,cE4_m,763109.214481755,3.625271455725999e-07,1000000.0,1000000.0,1000000.0,1000000.0,1000000.0,1000000.0,1000000.0,101
BIOMD0000000598,cEC,808520.7784942893,3.2397632061807164e-07,1000000.0,1000000.0,1000000.0,1000000.0,1000000.0,1000000.0,1000000.0,101
BIOMD0000000598,cEG,792649.572062121,4.3360259467458774e-07,1000000.0,1000000.0,1000000.0,1000000.0,1000000.0,1000000.0,1000000.0,101
BIOMD0000000598,cG,779224.504505404,2.605169665593561e-07,1000000.0,1000000.0,1000000.0,1000000.0,1000000.0,1000000.0,1000000.0,101
BIOMD0000000598,cG_m,778722.5768219675,3.0511146610982258e-06,1000000.0,1000000.0,1000000.0,1000000.0,1000000.0,1000000.0,1000000.0,101
BIOMD0000000598,cL,691331.8078986162,2.419356160293936e-07,1000000.0,1000000.0,2314.541339863266,199521.87794471113,1000000.0,1000000.0,1000000.0,101
BIOMD0000000598,cLUX,749271.7826448043,1.9253086412960062e-07,1000000.0,1000000.0,418140.991138969,1000000.0,1000000.0,1000000.0,1000000.0,101
BIOMD0000000598,cLUX_m,763109.214481755,3.625271455725999e-07,1000000.0,1000000.0,1000000.0,1000000.0,1000000.0,1000000.0,1000000.0,101
BIOMD0000000598,cL_m,739190.7846069402,1.199610622858048e-08,1000000.0,1000000.0,155361.39969057424,1000000.0,1000000.0,1000000.0,1000000.0,101
BIOMD0000000598,cLm,654937.699547225,1.893260476128954e-07,1000000.0,1000000.0,118.99684186646373,8779.209955416907,1000000.0,1000000.0,1000000.0,101
BIOMD0000000598,cNI,602327.5758026743,3.68411954856638e-07,1000000.0,1000000.0,15.322458702799022,127.87981170970491,1000000.0,1000000.0,1000000.0,101
BIOMD0000000598,cNI_m,623624.0082531576,6.255534153072285e-07,1000000.0,1000000.0,18.10709566866804,589.7971544862994,1000000.0,1000000.0,1000000.0,101
BIOMD0000000598,cP,48315.46537868568,4.93108392333525e-07,1000000.0,44.97649223825205,21.399164289204716,22.069694467568265,1337.331727565058,287895.98443528084,983010.3121594347,101
BIOMD0000000598,cP7,627225.7269550336,1.9769056131700313e-06,1000000.0,1000000.0,8.185461373001894,729.5147938637125,1000000.0,1000000.0,1000000.0,101
BIOMD0000000598,cP7_m,645811.7363449546,1.7372925115984928e-08,1000000.0,1000000.0,45.348371717042674,3609.853409338928,1000000.0,1000000.0,1000000.0,101
BIOMD0000000598,cP9,717346.5896430063,7.650832264063024e-07,1000000.0,1000000.0,25064.34004842863,1000000.0,1000000.0,1000000.0,1000000.0,101
BIOMD0000000598,cP9_m,750351.0619019326,2.081221036694802e-05,1000000.0,1000000.0,459122.6409957467,1000000.0,1000000.0,1000000.0,1000000.0,101
BIOMD0000000598,cT,747687.1623072996,4.150748604978473e-07,1000000.0,1000000.0,379569.9903062318,1000000.0,1000000.0,1000000.0,1000000.0,101
BIOMD0000000598,cT_m,764686.1255484049,2.3619834565422598e-07,1000000.0,1000000.0,1000000.0,1000000.0,1000000.0,1000000.0,1000000.0,101
BIOMD0000000598,cZG,745090.6325811673,8.325322146170275e-08,1000000.0,1000000.0,310769.87520495243,1000000.0,1000000.0,1000000.0,1000000.0,101
BIOMD0000000598,cZTL,756661.6218627739,1.624539134840257e-07,1000000.0,1000000.0,844658.7015450832,1000000.0,1000000.0,1000000.0,1000000.0,101
BIOMD0000000599,model,4986.261376614696,0.0,1000000.0,1.9961640728281438,0.00019065201217395532,0.010992591036983818,5.874124662483778,69.05923865847859,705.4107920044893,3030
BIOMD0000000599,species_2,7.73820073192539e-05,8.329628063119389e-14,0.00014297767542228643,8.473107659371885e-05,4.434362827390563e-05,5.32166569981149e-05,0.00011438457030866051,0.0001241032061601175,0.00013110118921740897,101
BIOMD0000000599,species_3,7.738200722820332e-05,8.32962806312185e-14,0.00014297766213021158,8.4731076752839e-05,4.434363398062609e-05,5.3216657051949016e-05,0.00011438457266133596,0.00012410320753131993,0.00013110117640337759,101
BIOMD0000000599,species_4,9903.096641097785,0.007138352643278266,1000000.0,1.464048241370336,0.5147108030268,0.5953630373729623,3.633108172718679,5.954912687635796,6.483299408983248,101
BIOMD0000000599,species_5,9903.102395087857,0.009062706053759681,1000000.0,1.4692621723310229,0.5138846739922913,0.5946790043039092,3.6433426451925026,5.970297529901686,6.499799750386569,101
BIOMD0000000599,species_6,10091.518053339487,5.197064497908675,1000000.0,9.149870355157857,5.997789976796014,6.3485924153269035,25.790442585114647,481.9002611335619,11295.76410586982,101
BIOMD0000000599,species_7,9903.102395106029,0.009062703112622455,1000000.0,1.46926217844559,0.5138846782386456,0.5946790087872825,3.6433426758156675,5.970297599698627,6.4997998308855935,101
BIOMD0000000599,species_8,9904.720437490754,1.993107524049973,1000000.0,2.583829119655672,2.1464042602521407,2.2116731230531506,3.3275252906604615,9.557526711759328,47.77495613161643,101
BIOMD0000000599,species_9,9901.86523526631,0.0044233191725276235,1000000.0,0.5975585351900461,0.32026349754210787,0.37873103068045577,1.4272559540470324,2.3952519855476533,2.6124537199050666,101
BIOMD0000000599,species_10,9905.216449854868,1.9730185937479594,1000000.0,2.2142847211775023,2.0343242248716664,2.0601597564181957,3.00744964298036,13.692437872919974,68.30629474136958,101
BIOMD0000000599,species_11,10145.730846100796,4.736360943873764,1000000.0,10.450612748153198,6.1913687538920685,6.702146892743296,31.571511814507108,617.9799588558047,14636.9328546918,101
BIOMD0000000599,species_12,9901.866954415069,0.0027893075766792104,1000000.0,0.5969013500301201,0.3191402884608182,0.3777050112857941,1.4308421920211176,2.3998171324253668,2.6172027228552612,101
BIOMD0000000599,species_13,9905.21644985818,1.9730185967218228,1000000.0,2.214284731068435,2.034324226221765,2.060159757560332,3.0074496429325404,13.692437872436921,68.30629474088805,101
BIOMD0000000599,species_14,9905.09972180291,2.01715942908915,1000000.0,2.3140971627217097,2.090466862783346,2.1228144630153873,2.8663959768451712,12.801106096497634,63.818676285606706,101
BIOMD0000000599,species_15,46.28183469066014,4.8171589142117574e-05,223.6171796675292,18.60666274611084,3.9379451979915867,5.584185892011369,68.5914509864522,178.21480003609054,213.78172581963156,101
BIOMD0000000599,species_16,47.17249420378806,4.8171589847890187e-05,231.0665242154121,18.692499240985054,3.9451137816497304,5.596344084668799,69.4419740265006,183.10120586314923,220.6326436533259,101
BIOMD0000000599,species_17,10145.730846102842,4.736360950061265,1000000.0,10.450612748662584,6.191368756371845,6.702146894785229,31.5715118147519,617.9799588553248,14636.932854691691,101
BIOMD0000000599,species_18,4.692836873691693e-05,0.0,9.386220169214289e-05,4.692693989429896e-05,2.3462852265662093e-05,2.8155539391631953e-05,7.039314767631797e-05,8.916813136417535e-05,9.292337659667856e-05,101
BIOMD0000000599,species_19,10.953262955098864,3.2114651961098475e-05,41.72604864373529,6.420086539388698,1.8655608264080028,2.4875912915002183,17.138295473389714,35.081975805048465,40.309370173614454,101
BIOMD0000000599,species_20,10.931377067247189,3.211465192764806e-05,41.61731388633302,6.411336342947396,1.863716391908938,2.484963652504857,17.10633641283296,34.99673146782279,40.20580173221534,101
BIOMD0000000599,species_21,10091.518053339338,5.197064505199772,1000000.0,9.149870352496539,5.9977899776452235,6.3485924153833775,25.790442581615554,481.9002611289858,11295.764105866388,101
BIOMD0000000599,species_22,9904.720437488408,1.9931075265911462,1000000.0,2.5838291234144495,2.1464042638561516,2.211673122033675,3.3275252758562726,9.557526716313578,47.77495613618243,101
BIOMD0000000599,species_23,4.971290850249774e-06,1.9279429992293067e-15,1.3737874788143119e-05,4.027207615562132e-06,1.1475985816518743e-06,1.6026092765852562e-06,8.266364471946274e-06,1.2547487350565425e-05,1.349598024242768e-05,101
BIOMD0000000599,species_24,47.17249484777148,4.817158984818327e-05,231.06652834822896,18.69249937608188,3.9451137984736406,5.596344111207437,69.44197484137834,183.10120888834075,220.63264753815852,101
BIOMD0000000599,species_25,10.953262807362494,3.2114651961051604e-05,41.72604779834239,6.420086500600051,1.865560822223684,2.487591284430173,17.13829526778021,35.08197515885033,40.30936937207002,101
BIOMD0000000599,species_26,0.00012633762792578108,4.010478353323363e-14,0.00034522561121264755,0.00010313721918346544,3.0095281314614933e-05,4.1664687938915116e-05,0.00020973307165843833,0.00031594670315011176,0.00033928453269699516,101
BIOMD0000000599,species_27,4.6928368737155103e-05,0.0,9.386220169211488e-05,4.6926939894369275e-05,2.3462852266118915e-05,2.815553939175005e-05,7.039314767646564e-05,8.916813136414874e-05,9.292337659681949e-05,101
BIOMD0000000599,species_28,9901.8669544047,0.0027893088204556313,1000000.0,0.5969013495501553,0.31914028848367954,0.37770501118945476,1.4308421740685389,2.3998170935241534,2.6172026782050217,101
BIOMD0000000599,species_29,4.9712908143474225e-06,1.606619166023952e-15,1.3737874647880619e-05,4.027207596442157e-06,1.147598578706069e-06,1.6026092719255895e-06,8.266364412605879e-06,1.2547487230761019e-05,1.3495980106342487e-05,101
BIOMD0000000599,species_30,0.00012633762869964827,4.0056868618629793e-14,0.0003452256145869113,0.00010313721950894954,3.009528135309999e-05,4.1664688003853365e-05,0.00020973307291005663,0.0003159467059713712,0.00033928453595489697,101
BIOMD0000000599,species_1,0.004189875027013622,2.470629730358206e-07,0.015608312613456542,0.0022007733961815147,0.0013530689432370974,0.0015935646863971405,0.0062450100091616225,0.013488801243420827,0.01517470665406299,101
BIOMD0000000602,model,1.4620366704298492e-16,0.0,2.97303389479679e-15,1.284287381449579e-16,0.0,0.0,2.210318369370663e-16,4.440472801374329e-16,8.303611240509469e-16,1414
BIOMD0000000602,M_3hanthrn_c,1.284287381449579e-16,0.0,6.42143690724789e-16,1.284287381449579e-16,0.0,0.0,1.2842873814495791e-16,5.137149525798315e-16,5.137149525798315e-16,101
BIOMD0000000602,M_5hoxnfkyn_c,1.1650745468952447e-16,0.0,6.660709202061495e-16,0.0,0.0,0.0,2.2202364006871638e-16,4.4404728013743287e-16,4.4404728013743296e-16,101
BIOMD0000000602,M_5htrp_c,2.762941015395671e-17,0.0,4.2931852700763504e-16,0.0,0.0,0.0,0.0,2.1465926350381742e-16,4.2931852700763504e-16,101
BIOMD0000000602,M_Lfmkynr_c,8.447898221904952e-17,0.0,6.205365239362909e-16,0.0,0.0,0.0,1.5513413098407278e-16,4.654023929522183e-16,6.205365239362909e-16,101
BIOMD0000000602,M_Lkynr_c,1.7779413499772785e-16,0.0,3.2949004834441303e-16,1.6474502417220654e-16,1.6474502417220651e-16,1.6474502417220651e-16,1.6474502417220654e-16,3.2949004834441303e-16,3.2949004834441303e-16,101
BIOMD0000000602,M_cmusa_c,1.7493337867880567e-16,0.0,1.3590977881968763e-15,1.5101086535520827e-16,0.0,0.0,3.020217307104165e-16,3.0202173071041654e-16,3.0202173071041654e-16,101
BIOMD0000000602,M_hLkynr_c,2.116587072674749e-16,0.0,2.97303389479679e-15,1.415730426093706e-16,0.0,1.4157304260937058e-16,2.831460852187411e-16,5.662921704374821e-16,5.662921704374821e-16,101
BIOMD0000000602,M_nmtrpta_c,1.575300493107694e-16,0.0,3.182106996077541e-16,1.5910534980387706e-16,0.0,1.5910534980387706e-16,1.5910534980387708e-16,3.182106996077541e-16,3.182106996077541e-16,101
BIOMD0000000602,M_quln_c,6.784145490147577e-17,0.0,4.420636738741327e-16,0.0,0.0,0.0,2.210318369370662e-16,2.210318369370662e-16,2.210318369370663e-16,101
BIOMD0000000602,M_srtn_c,1.2659802878834358e-16,0.0,6.819413817398779e-16,1.704853454349693e-16,0.0,0.0,1.7048534543496933e-16,3.4097069086993867e-16,3.4097069086993877e-16,101
BIOMD0000000602,M_trp_DASH_L_c,1.2293552254910164e-16,0.0,1.0158944545193932e-15,1.128771616132661e-16,0.0,0.0,1.128771616132661e-16,3.386314848397982e-16,3.386314848397982e-16,101
BIOMD0000000602,M_trypta_c,1.0263321394489518e-16,0.0,4.607090937081961e-16,1.1517727342704905e-16,0.0,0.0,1.1517727342704905e-16,3.4553182028114715e-16,4.607090937081961e-16,101
BIOMD0000000602,M_nicrnt_c,4.3778940451200923e-16,0.0,8.30361124050947e-16,4.1518056202547346e-16,2.0759028101273673e-16,2.0759028101273676e-16,6.227708430382102e-16,8.303611240509469e-16,8.30361124050947e-16,101
BIOMD0000000602,M_nformanth_c,1.100928584436973e-16,0.0,3.4748058446291985e-16,1.1582686148763988e-16,0.0,0.0,2.316537229752797e-16,2.3165372297527977e-16,2.3165372297527977e-16,101
BIOMD0000000614,model,9901.916002689211,0.1589316301915443,1000000.0,0.9832228393984841,0.9439496358102237,0.9576675958962201,0.9929934289338023,0.9957140555781342,1.5996996346448988,101
BIOMD0000000614,f,9901.916002689211,0.1589316301915443,1000000.0,0.9832228393984841,0.9439496358102237,0.9576675958962201,0.9929934289338023,0.9957140555781342,1.5996996346448988,101
BIOMD0000000615,model,7426.48661403483,9.922040041428678e-12,1000000.0,1.0000000000025449,0.8055244186069644,1.0,1.0000000007081988,1.0000000007438845,1.0000000007438847,404
BIOMD0000000615,As,0.005862079183938048,9.922040041428678e-12,0.22209767442785774,0.0028796773193829977,0.002879655509492111,0.002879676246982281,0.0028796790583060605,0.002879698838154734,0.0751047086135076,101
BIOMD0000000615,Bs,9901.980198019804,1.0000000000025449,1000000.0,1.000000000002587,1.0000000000025497,1.0000000000025526,1.0000000000029017,1.0000000000065588,1.0000000000181433,101
BIOMD0000000615,Asyn,9901.98019802053,1.0000000006903451,1000000.0,1.0000000007438845,1.0000000007438845,1.0000000007438845,1.0000000007438845,1.0000000007438847,1.0000000007533136,101
BIOMD0000000615,Bsyn,9901.980198019803,1.0,1000000.0,1.0,1.0,1.0,1.0,1.0,1.0,101
BIOMD0000000616,model,9914.413607745022,-1186.885972306541,1000000.0,1.0,-1.0,-0.9999999999999971,1.0,1.0000000000000016,4122.187478930247,404
BIOMD0000000616,n,9901.128712871287,-1.000000000000431,1000000.0,0.9999999999999796,-1.0,-1.0,1.0,1.0,1.0,101
BIOMD0000000616,c,9953.416807217714,-1186.885972306541,1000000.0,0.9994385826391399,-1.000000000000014,-1.0,1.0,147.00990817232963,4163.830632312895,101
BIOMD0000000616,a,9901.128712871287,-1.0,1000000.0,1.0,-1.0,-0.9999999999999998,1.0,1.000000000000002,1.0000000000000087,101
BIOMD0000000616,m,9901.980198019803,1.0,1000000.0,1.0,1.0,1.0,1.0,1.0,1.0,101
BIOMD0000000620,model,75638.84899147149,0.0,1000000.0,1.0000000000000384,0.9838744395471853,0.9961348308671656,1.0153305089360558,1000000.0,1000000.0,3434
BIOMD0000000620,IL1b,0.9891642276423446,1.9799995083502607e-07,0.999647101753934,0.9993586140945706,0.9989152208417897,0.9990469855650332,0.9995447097075075,0.999630481245162,0.9996438983492174,101
BIOMD0000000620,IL1Ra,0.9901766034827094,0.0,1.0000783695175675,1.0000783695175448,1.0000783695175448,1.0000783695175448,1.0000783695175448,1.0000783695175448,1.0000783695175626,101
BIOMD0000000620,Anakinra,1000000.0,1000000.0,1000000.0,1000000.0,1000000.0,1000000.0,1000000.0,1000000.0,1000000.0,101
BIOMD0000000620,Proinsulin,165696.62192206475,6.847979547760482e-12,1000000.0,10.67732239198936,1.0191956095897274,1.0574927235975122,19865.653868337515,1000000.0,1000000.0,101
BIOMD0000000620,Insulin,200275.6191146021,3.287865979473281e-10,1000000.0,28.613033114192962,0.9907331992898144,0.9957481245292175,63732.06228281652,1000000.0,1000000.0,101
BIOMD0000000620,TigB,0.5670782179963271,7.753342055365688e-09,0.7617468736553299,0.5553919260767032,0.5259345990567776,0.5308134345512332,0.6054892848165316,0.6816357109704081,0.7254260770823604,101
BIOMD0000000620,B,205720.2043179107,2.4205046855740873e-10,1000000.0,37.212276480475914,0.9896621034970902,0.9949844667826722,77262.50985709055,1000000.0,1000000.0,101
BIOMD0000000620,f,1.5069883759089295,1.3602497132318938e-09,1.9051106232630155,1.500508315882138,1.4950325032265122,1.49588390142426,1.5121789825768348,1.6524428049433475,1.81346754104682,101
BIOMD0000000620,Anakinrasc,1000000.0,1000000.0,1000000.0,1000000.0,1000000.0,1000000.0,1000000.0,1000000.0,1000000.0,101
BIOMD0000000620,Glucose,0.9722902782325222,5.098802039019237e-15,0.9978188286210234,0.9950728917887701,0.9834731306054797,0.9884636566554956,0.997042524221808,0.9977038329274966,0.9977969674149024,101
BIOMD0000000620,a1c1,0.8230288457750762,2.0309453120048477e-13,0.9512595197889961,0.9187679823177965,0.8143428178426045,0.8556284638075277,0.9413500151778081,0.9497406869198918,0.9509692328572034,101
BIOMD0000000620,rbc1,1.0009828023574885,3.891636057107306e-14,1.0121471372774444,1.0110460217330373,1.0102612016108063,1.0104259878837125,1.0116563095475484,1.0120563358336612,1.0121292404364155,101
BIOMD0000000620,a1c2,0.8972607003951225,3.769056860841914e-13,0.9708207775338068,0.9534257074327371,0.8971791873168555,0.919438378260741,0.9655321265007705,0.9700117421316212,0.970666203433828,101
BIOMD0000000620,rbc2,1.0034208377308196,2.5061084789668853e-14,1.0163549523210615,1.013523849757675,1.0116701296541286,1.0120479530725428,1.0150597886683883,1.0161113267089852,1.0163067894615239,101
BIOMD0000000620,a1c3,0.9244523153472993,2.1024812864470199e-13,0.9778657336912003,0.9660723395734261,0.9275705059075653,0.9428299078871626,0.9742984747340754,0.9773217497485575,0.9777618585285869,101
BIOMD0000000620,rbc3,1.0057276318899278,5.1895850627051606e-14,1.0210115686033168,1.01579849695271,1.0126638232573781,1.013283747023367,1.0185654662573447,1.0205437797056502,1.0209188123334265,101
BIOMD0000000620,a1c4,0.939115030638267,1.6133210657770818e-15,0.9816350737136129,0.972894577545328,0.943983191373219,0.9554644024061258,0.9790099079848623,0.9812364983631128,0.9815590236812822,101
BIOMD0000000620,rbc4,1.0080748131128572,4.339761686622634e-14,1.0263505967879372,1.0180152844017836,1.0134138871544953,1.0142964475228968,1.0223414293837851,1.0255712175957765,1.0261955921955022,101
BIOMD0000000620,a1c5,0.9483271110032996,2.5066162097808826e-14,0.9839898516031971,0.9771873149777662,0.9543112196970781,0.9634183313768477,0.9819650862265249,0.983684136671896,0.9839315770745372,101
BIOMD0000000620,rbc5,1.0106318485606538,6.101278879596937e-14,1.0326804525180038,1.0203151122270013,1.0140503763137276,1.015215236808698,1.0265874691041077,1.0314765640004393,1.032440302417991,101
BIOMD0000000620,a1c6,0.9546115272932284,2.306050378854549e-14,0.985583615885611,0.9801182412552697,0.9613699843273256,0.9688560432131958,0.9839745318043395,0.9853422863829927,0.9855376686786967,101
BIOMD0000000620,rbc6,1.0135396744911447,3.2046370526177554e-14,1.0403446970595145,1.0228026457911623,1.0146487289098722,1.0161178645503695,1.0314948215493875,1.0385676561337625,1.0399891533358285,101
BIOMD0000000620,a1c7,0.9591433573594461,9.373884912196722e-14,0.9867207684727658,0.982231365492849,0.9664709071764352,0.9727857711082152,0.9854158294943816,0.9865265765072317,0.9866838465651158,101
BIOMD0000000620,rbc7,1.016917140004066,2.0510676498440015e-14,1.049720666419042,1.0255499737081346,1.0152455084238217,1.0170437745295762,1.037243347342904,1.0471748453005183,1.04920978406353,101
BIOMD0000000620,a1c8,0.9896813751354707,3.0809739130705966e-14,0.999811489660993,0.9997546865691103,0.9995499699719655,0.9996323183919805,0.9997952183491577,0.9998090896516524,0.9998110340520971,101
BIOMD0000000620,rbc8,0.9900990099009823,4.9791010972425136e-14,1.0000000000000229,1.0,1.0,1.0,1.0,1.0,1.000000000000018,101
BIOMD0000000620,a1c9,0.9900990099009839,2.713164327946224e-13,1.0000000000000222,1.0,1.0,1.0,1.0,1.0,1.0000000000000169,101
BIOMD0000000620,rbc9,0.9900990099012106,4.1046402036180036e-14,1.0000000000004856,1.0000000000002065,1.0000000000001064,1.0000000000001226,1.0000000000003348,1.0000000000004539,1.0000000000004792,101
BIOMD0000000620,a1c10,0.9900990099011657,6.803482682807968e-13,1.0000000000006188,1.000000000000107,1.000000000000093,1.0000000000000948,1.0000000000001745,1.0000000000005178,1.0000000000006122,101
BIOMD0000000620,rbc10,0.9900992406290857,1.034944004374746e-13,1.000000523317597,1.0000002020717857,1.0000000966078244,1.0000001132874938,1.0000003462790346,1.000000485449994,1.0000005156502842,101
BIOMD0000000620,a1c11,0.9900990099010568,1.281114555512235e-13,1.0000000000002607,1.0000000000000455,1.0000000000000402,1.0000000000000409,1.0000000000000726,1.0000000000002076,1.0000000000002602,101
BIOMD0000000620,rbc11,0.9900989844016505,2.1587035688778214e-14,0.9999999938558353,0.9999999778275235,0.9999999601807128,0.9999999641148147,0.9999999900850425,0.9999999936814506,0.9999999938293512,101
BIOMD0000000620,a1c12,0.9900990099009817,5.5387706489521646e-14,1.0000000000000224,1.0,1.0,1.0,1.0,1.0,1.000000000000017,101
BIOMD0000000620,rbc12,0.9789504544196724,1.0225595922842687e-14,0.9976914178513697,0.9906405091446284,0.9822705211026235,0.9841728319975042,0.9961104960921972,0.9976198266004928,0.9976805051965688,101
BIOMD0000000621,model,58824.88264665155,0.0,1000000.0,1.0000001619514005,0.9744057995570663,0.9959960394770895,1.0085102946506255,1000000.0,1000000.0,3434
BIOMD0000000621,IL1b,0.9854006713454488,0.0,0.9994553695712396,0.998884538514071,0.9976563422473224,0.998079298973164,0.9992680956253138,0.9994259952029356,0.9994497376993227,101
BIOMD0000000621,IL1Ra,0.9905513622065607,0.0,1.0004568758292038,1.000456875828626,1.000456875828626,1.000456875828626,1.000456875828626,1.0004568758286307,1.0004568758286312,101
BIOMD0000000621,Anakinra,1000000.0,1000000.0,1000000.0,1000000.0,1000000.0,1000000.0,1000000.0,1000000.0,1000000.0,101
BIOMD0000000621,Proinsulin,4.487827629226439,1.1599448786096918e-08,55.98861639849128,1.0518462686217538,1.0438731542144848,1.04489652925508,1.888039386341325,24.13083647880726,47.17616602392637,101
BIOMD0000000621,Insulin,9.721796039551636,4.453099222700985e-10,140.0493988160907,1.074861482639496,1.0270805134319236,1.0302641729625748,3.154820883973719,59.07691860459514,117.60378436654581,101
BIOMD0000000621,TigB,0.41410990634231526,4.4139387547291704e-09,0.7121228701216156,0.3800590536697488,0.31887488506765604,0.3288651923544146,0.4890876917511382,0.6627156494783037,0.7053030611455321,101
BIOMD0000000621,B,3.680340633215111,0.0,51.23188088337539,0.9963263759035378,0.9430109001859363,0.9698011340291463,0.9986490243280817,21.0124566562153,42.87659602522715,101
BIOMD0000000621,f,2.3251748259773244,3.480510707945932e-07,4.224794786474831,1.7579356282062426,1.6586926008691314,1.6607068968427854,3.063879553201298,4.021017138516403,4.180621346418315,101
BIOMD0000000621,Anakinrasc,1000000.0,1000000.0,1000000.0,1000000.0,1000000.0,1000000.0,1000000.0,1000000.0,1000000.0,101
BIOMD0000000621,Glucose,0.9262120567375048,0.0,0.9953714747696596,0.9456792278862116,0.8798030668801535,0.8910737421106544,0.9891698763782942,0.9947614577665752,0.9952614113908678,101
BIOMD0000000621,a1c1,0.47646207906359983,5.228531007664326e-08,0.9123778040382156,0.4961741040070401,0.09893836739997586,0.16180444080481696,0.8422903244088908,0.9047154999624835,0.9109771428934939,101
BIOMD0000000621,rbc1,0.9984985264988818,7.454846857928513e-10,1.009055622799793,1.0083433144616032,1.008282845670785,1.0082885601271045,1.0086579716621487,1.0089809839380524,1.0090409217540774,101
BIOMD0000000621,a1c2,0.7280661410994628,2.5957988770901285e-08,0.954190310990177,0.746690989486261,0.5489321072891973,0.580228966448611,0.919270286200612,0.9503775716316598,0.9534934964595508,101
BIOMD0000000621,rbc2,0.9987559142939497,7.454709961585814e-10,1.0099537146630755,1.008449750704449,1.008327956828018,1.0083394362806586,1.0090985660909424,1.0097902661060578,1.0099214145090216,101
BIOMD0000000621,a1c3,0.8159245204794008,1.7182138027049176e-08,0.9683350220220278,0.8314822311814417,0.701208672942953,0.7218254938690779,0.9453325247867812,0.9658282135597239,0.9678770277557492,101
BIOMD0000000621,rbc3,0.9989610683426718,7.453938708432432e-10,1.0108573399706233,1.0084925633589024,1.008309972064004,1.008327136548204,1.0094884057328828,1.0105909416924748,1.0108045206040837,101
BIOMD0000000621,a1c4,0.8601330049760165,1.2795122611737153e-08,0.9754501346180777,0.8741556951819872,0.777822273953269,0.7930679597915109,0.9584554973288063,0.9736026435741126,0.9751127443323633,101
BIOMD0000000621,rbc4,0.9991590657740897,7.454024086071151e-10,1.0118164178528821,1.0085167946017084,1.008274002725524,1.0082967664148124,1.009872560911245,1.0114313342973886,1.0117398135952456,101
BIOMD0000000621,a1c5,0.8867102024375746,1.0163152663470906e-08,0.979725425106619,0.8998163146565119,0.823874522592583,0.8358932707231955,0.9663511387043534,0.9782759626179388,0.9794608668107222,101
BIOMD0000000621,rbc5,0.9993644438981799,7.455065501852647e-10,1.0128522519446195,1.0085361681068428,1.008233672985565,1.008261960025989,1.0102657226853444,1.0123307181788823,1.012748160647333,101
BIOMD0000000621,a1c6,0.9044349920736432,8.408744706043678e-09,0.9825750049599654,0.9169347505844737,0.8545826405172002,0.8644509275071323,0.9716218961201871,0.9813922834097415,0.9823592730073839,101
BIOMD0000000621,rbc6,0.9995816753136916,7.454140491005232e-10,1.0139761521902084,1.0085542760320823,1.0081925191945236,1.008226259525176,1.0106722599399984,1.0132982019739851,1.0138403952813635,101
BIOMD0000000621,a1c7,0.9170941941926107,7.155990926649334e-09,0.9846091655750865,0.9291648994610244,0.8765103728197304,0.8848441584653503,0.9753906008376748,0.9836179653408664,0.9844285042334718,101
BIOMD0000000621,rbc7,0.9998124627986436,7.454254562333761e-10,1.015196832684997,1.008571942276528,1.0081513457412867,1.0081904716573435,1.0110936000535808,1.0143401153842335,1.0150247122644427,101
BIOMD0000000621,a1c8,0.9887780699857256,6.2164412487396655e-09,0.9997116138267403,0.9987175636888852,0.997773533587821,0.9979229547762727,0.9995470239022027,0.9996940021714762,0.9997084065858559,101
BIOMD0000000621,rbc8,0.9900990099083703,7.453961024064761e-10,1.0000000000005498,1.0,1.0,1.0,1.0,1.0000000000000044,1.0000000000000047,101
BIOMD0000000621,a1c9,0.9900990099553043,5.48573868153852e-09,1.0000000000009919,1.0,1.0,1.0,1.0,1.0000000000000075,1.0000000000000084,101
BIOMD0000000621,rbc9,0.9901000970648582,7.454870597587443e-10,1.0000019108519613,1.0000009155254066,1.000000858398394,1.0000008636850501,1.0000012747479465,1.0000017734108768,1.0000018830565818,101
BIOMD0000000621,a1c10,0.9901057562575241,4.902454282101478e-09,1.0000129050491504,1.0000063054249064,1.0000023290122428,1.000002696060383,1.0000111472725968,1.0000128490833406,1.0000129045697688,101
BIOMD0000000621,rbc10,0.9900992241204166,7.455493366438936e-10,1.000000398475071,1.0000001759670532,1.000000163833335,1.0000001649533083,1.0000002541122772,1.0000003667515363,1.0000003920382503,101
BIOMD0000000621,a1c11,0.9901016282573671,4.423831101775776e-09,1.0000049860649878,1.0000024492881419,1.000000919480303,1.0000010603971972,1.0000043111922317,1.0000049641345454,1.0000049860550562,101
BIOMD0000000621,rbc11,0.9900989888461352,7.454243015709245e-10,0.9999999846131084,0.999999983008135,0.9999999742115638,0.999999976770236,0.9999999843902642,0.9999999846069003,0.9999999846131079,101
BIOMD0000000621,a1c12,0.9900990099408503,4.025867465810471e-09,1.0000000000009832,1.0,1.0,1.0,1.0,1.0000000000000075,1.0000000000000084,101
BIOMD0000000621,rbc12,0.9860339424257045,7.454357171793091e-10,0.9971322086499304,0.9968050998464719,0.9949654311668206,0.9955077904787507,0.9970869797103614,0.9971309155112427,0.9971321991800957,101
BIOMD0000000622,model,990.4419898751985,7.0365524107029595e-12,1000000.0,0.07090224816819043,0.0075577454153401375,0.008921568185132392,1.0000034506642292,1.001638663248694,1.0017801073065034,1010
BIOMD0000000622,Bmi1,0.009066192821590954,1.6236532421584374e-07,0.037888049837253725,0.007411506207993654,0.003922421545624098,0.004634621241132272,0.010516832379845922,0.028004914922402684,0.03607918248014037,101
BIOMD0000000622,Bmi1ubd,0.00035990818960397237,7.0365524107029595e-12,0.00048663929149695155,0.00041781179714344265,0.0002790463103425809,0.0003162476978080708,0.0004708381219584235,0.00048593330732043063,0.00048658830533043524,101
BIOMD0000000622,R1B,0.13788632702669235,1.809221700371788e-06,0.46916534865633874,0.14251909286989398,0.07322797413487572,0.08906748245441548,0.20001548503876276,0.23911580221491469,0.2968289660126109,101
BIOMD0000000622,R1Bubd,0.006009431765295752,7.30332287701696e-09,0.012914502866187871,0.006503460472616183,0.0039043121785695125,0.004407496287905753,0.008222687614375977,0.009887108236450445,0.012294471166767563,101
BIOMD0000000622,Z,0.99011594224202,8.964881599571317e-07,1.0000218364268634,1.0000168198540145,1.0000144709748113,1.0000148787550407,1.0000195598731436,1.000021453875775,1.0000217632790867,101
BIOMD0000000622,Zub,0.9901027231268644,6.068960496189805e-09,1.0000055336816513,1.0000034791653365,1.0000030726613858,1.0000031292383178,1.0000042812654335,1.0000052588149524,1.0000054829226206,101
BIOMD0000000622,R1Buba,0.012767214042573968,1.7492725702293978e-09,0.028271674741395025,0.013847407961971646,0.007659321443641916,0.008860921759068068,0.017927051003190093,0.023089441254194116,0.027236000604362987,101
BIOMD0000000622,R1Bub,0.06639104868383876,1.1249972689530985e-07,0.11699156958392311,0.07320888564494316,0.04524908249458192,0.05151566123352237,0.09158424894627791,0.09711722585445924,0.10844540625805589,101
BIOMD0000000622,H2A,0.2252486933115636,3.280399224481201e-07,0.9729460196964422,0.1314563106475339,0.06829174579887694,0.08132965009106266,0.1821195149839171,0.9109051324882814,0.9655242471160415,101
BIOMD0000000622,H2Auba,9901.981951270775,1.0016334801977504,1000000.0,1.0016387549843686,1.0016350115989157,1.0016355523525393,1.0016471220345342,1.0022918918814325,1.0074185174450072,101
BIOMD0000000624,model,6601.136623404124,0.0,1000000.0,0.12483206716309192,0.020681314193973593,0.03044059337379003,0.3791588272062887,0.8343370727833204,17.78709855001634,606
BIOMD0000000624,APAP,0.08329603975436427,1.5068125913675345e-09,0.17104649913080494,0.08214868959065144,0.040264540726333224,0.04850963643371091,0.1257201180617136,0.16183757840503477,0.1691988999080105,101
BIOMD0000000624,NAPQI,9901.243822042768,0.10715946766374498,1000000.0,0.23735345421790396,0.14905280856841582,0.16340627992686646,0.3509736562821587,0.4573911526622502,0.6630418653793063,101
BIOMD0000000624,GSH,0.3827564487021077,0.0,0.6532371985441465,0.41167594689333736,0.23219419145175788,0.2719816570305026,0.5486290285242849,0.6344143368834829,0.6495461489332539,101
BIOMD0000000624,NAPQIGSH,9903.058218032545,0.01085785159225371,1000000.0,0.5551008564034267,0.3492552136988527,0.40440969156686635,1.0263642122848045,11.327012926800093,45.611546981770864,101
BIOMD0000000624,APAPconj_Glu,9901.027389473238,0.015190648203542866,1000000.0,0.016626314803007546,0.015513920494556088,0.015661417612993504,0.027150070664556592,0.12934518101986986,0.6482434487241228,101
BIOMD0000000624,APAPconj_Sul,9901.024258387735,0.009716305047079543,1000000.0,0.01355937076465438,0.010379559820308153,0.010739922556409874,0.025746957015133794,0.1292069884636065,0.6483511852940099,101
